timestamp_ms,spot_price,perp_mark_price,funding_rate
1744934400000,84947.92,84916.10982222,1.788e-05
1744963200000,84654.68,84622.9,7.071e-05
1744992000000,84374.6,84337.39696296,2.995e-05
1745020800000,84474.7,84429.71837548,2.93e-05
1745049600000,85217.38,85174.5,6.024e-05
1745078400000,85191.18,85146.2,-1.953e-05
1745107200000,85077.0,85046.9,-2.98e-06
1745136000000,84784.01,84739.09365128,-1.078e-05
1745164800000,84344.65,84305.11534074,-2.258e-05
1745193600000,85179.24,85142.30088148,5.232e-05
1745222400000,87434.79,87400.6,5.403e-05
1745251200000,88044.81,87998.12642222,1.553e-05
1745280000000,87516.22,87467.8227037,7.749e-05
1745308800000,88476.82,88436.16399259,-7.44e-06
1745337600000,90934.61,90881.1,-7.045e-05
1745366400000,93442.99,93404.9,-1.389e-05
1745395200000,94133.82,94110.36297318,1.374e-05
1745424000000,93195.28,93149.55929437,4.587e-05
1745452800000,93691.07,93641.27053973,-2.671e-05
1745481600000,92203.54,92167.24875325,5.21e-05
1745510400000,93202.52,93148.88519481,-2.165e-05
1745539200000,93980.47,93931.6,-1.764e-05
1745568000000,93772.27,93734.0,1.7e-06
1745596800000,95061.21,95000.28830833,1.2e-06
1745625600000,94638.68,94591.8,-0.00010085
1745654400000,94570.31,94523.02069167,-2.774e-05
1745683200000,94373.24,94326.89167892,2.855e-05
1745712000000,94628.0,94575.7,-1.5e-05
1745740800000,94065.99,94027.7,-6.6e-06
1745769600000,93901.09,93857.8,-4.21e-06
1745798400000,93749.29,93697.0,3.73e-06
1745827200000,94692.49,94641.5,2.46e-06
1745856000000,93833.5,93782.5,-5.821e-05
1745884800000,95011.18,94969.0,-7.73e-06
1745913600000,94917.61,94877.9,4.13e-06
1745942400000,94843.1,94800.87365217,1.305e-05
1745971200000,94256.82,94211.74500725,-5.181e-05
1746000000000,94620.99,94577.6,2.939e-05
1746028800000,94004.63,93961.60732609,-3.797e-05
1746057600000,94172.0,94130.75027536,3.519e-05
1746086400000,95025.84,94983.01632609,5.755e-05
1746115200000,96854.31,96794.89389805,-8.028e-05
1746144000000,96489.9,96433.84531159,-0.00012232
1746172800000,96350.01,96302.1,-9.382e-05
1746201600000,97330.19,97277.00616667,-8.689e-05
1746230400000,96887.13,96831.65852586,-5.953e-05
1746259200000,96322.68,96290.8,3.198e-05
1746288000000,96418.68,96360.13496232,-1.483e-05
1746316800000,95856.42,95819.52819239,3.7e-06
1746345600000,95879.99,95842.1,3.229e-05
1746374400000,95467.6,95421.1,3.745e-05
1746403200000,94277.61,94240.51430435,-2.404e-05
1746432000000,94761.91,94697.80169565,3.636e-05
1746460800000,93770.32,93731.39948913,-2.247e-05
1746489600000,94733.68,94696.8,1.978e-05
1746518400000,94400.98,94353.53756884,4.44e-05
1746547200000,94558.94,94511.8,7.57e-06
1746576000000,96834.02,96794.5,1.218e-05
1746604800000,96994.82,96949.17783333,-2.5e-07
1746633600000,96923.91,96888.9,1.32e-05
1746662400000,97030.5,96990.24909783,2.318e-05
1746691200000,99252.34,99215.08710145,4.608e-05
1746720000000,100758.08,100730.9,5.728e-05
1746748800000,103261.61,103241.74847826,0.0001
1746777600000,103628.76,103628.9027029,0.0001
1746806400000,102895.99,102852.4,4.378e-05
1746835200000,102971.99,102941.8,9.657e-05
1746864000000,103759.71,103721.7,0.0001
1746892800000,103138.76,103102.7,4.257e-05
1746921600000,104809.53,104789.0,0.0001
1746950400000,103385.46,103336.9,4.15e-05
1746979200000,104150.0,104089.06693841,0.0001
1747008000000,104118.0,104072.8,4.454e-05
1747036800000,104467.99,104426.2,0.0001
1747065600000,102527.27,102484.98667754,2.301e-05
1747094400000,102791.32,102739.98641667,6.847e-05
1747123200000,102665.5,102624.0,0.0001
1747152000000,103682.54,103642.21569565,7.256e-05
1747180800000,104103.72,104082.25016667,9.921e-05
1747209600000,103716.55,103662.2,7.542e-05
1747238400000,103514.24,103461.4,3.175e-05
1747267200000,103507.83,103458.2,2.978e-05
1747296000000,101779.99,101733.9,5.336e-05
1747324800000,103251.36,103212.64269928,1.439e-05
1747353600000,103763.71,103731.0,4.504e-05
1747382400000,103710.17,103646.6,7.535e-05
1747411200000,104183.32,104152.87767029,4.768e-05
1747440000000,103463.9,103420.88946739,2.821e-05
1747468800000,103451.13,103399.4,3.34e-05
1747497600000,102939.52,102900.0,5.97e-06
1747526400000,103126.65,103079.5,6.742e-05
1747555200000,103919.39,103891.4,5.903e-05
1747584000000,105518.0,105484.2,0.0001
1747612800000,106454.27,106415.65899638,5.99e-05
1747641600000,103226.29,103175.66738043,6.04e-05
1747670400000,104786.42,104740.4,2.11e-05
1747699200000,105573.73,105539.99272464,8.378e-05
1747728000000,105021.7,104998.20574797,7.107e-05
1747756800000,105333.67,105294.5,1.266e-05
1747785600000,106850.0,106800.4,8.767e-05
1747814400000,106527.17,106469.35994203,7.147e-05
1747843200000,108973.34,108936.7,5.119e-05
1747872000000,109643.99,109611.57980435,0.0001
1747900800000,111045.45,111005.8,0.0001
1747929600000,111290.85,111236.8,0.0001
1747958400000,111696.22,111663.50596536,9.321e-05
1747987200000,110715.41,110685.2,7.261e-05
1748016000000,108940.0,108889.2,8.614e-05
1748044800000,107318.3,107273.6267971,3.524e-05
1748073600000,107587.75,107554.85993116,4.59e-05
1748102400000,108929.71,108895.88856522,7.837e-05
1748131200000,107761.9,107698.9,9.794e-05
1748160000000,107681.82,107634.7,5.113e-05
1748188800000,106967.97,106928.0,3.651e-05
1748217600000,109004.2,108955.9,7.331e-05
1748246400000,110094.62,110050.0,0.0001
1748275200000,110009.83,109951.1,9.782e-05
1748304000000,109434.78,109403.70430072,7.65e-05
1748332800000,109540.0,109471.8,7.266e-05
1748361600000,110140.11,110091.3,2.476e-05
1748390400000,108938.17,108889.2,3.26e-05
1748419200000,108816.44,108764.9,2.164e-05
1748448000000,107107.31,107066.31867754,5.368e-05
1748476800000,107781.78,107723.1,3.186e-05
1748505600000,107880.73,107839.5,2.812e-05
1748534400000,107019.9,106972.6,8.379e-05
1748563200000,105589.75,105540.0,2.622e-05
1748592000000,105028.03,104997.4,3.849e-05
1748620800000,105543.0,105503.9,7.392e-05
1748649600000,103985.47,103950.0,8.506e-05
1748678400000,103747.03,103701.25933333,7.552e-05
1748707200000,104556.08,104499.67307246,4.687e-05
1748736000000,104591.88,104544.7,-5.82e-06
1748764800000,104275.95,104231.0,2.335e-05
1748793600000,104715.1,104664.0,4.117e-05
1748822400000,105642.93,105589.61297464,-6.42e-06
1748851200000,105387.67,105346.4,5.593e-05
1748880000000,104438.79,104396.9,4.467e-05
1748908800000,105858.0,105814.4,5.005e-05
1748937600000,105170.76,105134.3,6.066e-05
1748966400000,106610.66,106556.1,4.456e-05
1748995200000,105376.9,105330.1,-1.1e-07
1749024000000,105320.75,105260.4656625,2.611e-05
1749052800000,105298.26,105255.92777899,9.62e-06
1749081600000,104696.86,104646.0376413,7.4e-07
1749110400000,104518.05,104473.0,2.871e-05
1749139200000,104531.5,104485.4,5.156e-05
1749168000000,101508.69,101458.7,-3.491e-05
1749196800000,103150.44,103096.8,-3.03e-05
1749225600000,105092.28,105037.54876812,-2.995e-05
1749254400000,104288.43,104240.1,-2.89e-05
1749283200000,104867.03,104813.72660507,-3.158e-05
1749312000000,105558.11,105508.84818333,2.94e-06
1749340800000,105552.15,105509.63211957,4.808e-05
1749369600000,105426.46,105380.4,5.613e-05
1749398400000,105984.53,105923.14248188,-3.602e-05
1749427200000,105734.01,105679.25375362,-2.164e-05
1749456000000,105560.71,105517.90905797,4.024e-05
1749484800000,107635.91,107568.29532246,3.057e-05
1749513600000,110263.02,110227.9,6.374e-05
1749542400000,109205.14,109178.1,0.0001
1749571200000,109015.41,108970.17962319,8.165e-05
1749600000000,110274.39,110235.3,8.779e-05
1749628800000,109446.74,109397.0,8.39e-05
1749657600000,109735.7,109694.9,5.039e-05
1749686400000,108645.13,108610.75909727,1.856e-05
1749715200000,107633.53,107578.64501938,7.247e-05
1749744000000,107020.96,106960.7,1.198e-05
1749772800000,105671.74,105621.56706522,-1.801e-05
1749801600000,104895.01,104831.4,-2.7e-06
1749830400000,105436.87,105392.0,3.857e-05
1749859200000,106066.59,106031.87648551,1.958e-05
1749888000000,105076.59,105029.9210759,3.858e-05
1749916800000,104841.29,104785.31052899,1.135e-05
1749945600000,105414.63,105359.8,-3.641e-05
1749974400000,105428.0,105378.68969203,1.439e-05
1750003200000,105563.99,105526.0,7.369e-05
1750032000000,105594.02,105546.26398514,9.36e-06
1750060800000,107061.8,107023.8,5.07e-05
1750089600000,107424.96,107375.0,2.793e-05
1750118400000,106794.53,106750.1,1.847e-05
1750147200000,106758.52,106711.1,5.776e-05
1750176000000,104241.62,104203.95066304,2.211e-05
1750204800000,104551.17,104508.0,-1.752e-05
1750233600000,104973.24,104925.6,3.695e-05
1750262400000,104801.01,104751.91415217,6.692e-05
1750291200000,104886.79,104836.47953623,8.45e-06
1750320000000,104642.85,104593.47301449,6.16e-06
1750348800000,104096.94,104055.2,2.396e-05
1750377600000,104658.59,104612.28734221,3.565e-05
1750406400000,105811.74,105763.5,7.862e-05
1750435200000,104218.0,104168.5,2.4e-05
1750464000000,103297.98,103246.0,3.977e-05
1750492800000,103458.5,103405.77309257,1.933e-05
1750521600000,103560.9,103516.7,7.44e-05
1750550400000,102120.02,102072.0,2.883e-05
1750579200000,102424.61,102399.0,0.0001
1750608000000,98906.21,98855.01865881,4.145e-05
1750636800000,100963.87,100917.08497464,-1.061e-05
1750665600000,101931.04,101874.4,-2.809e-05
1750694400000,101420.71,101374.2,4.889e-05
1750723200000,105333.94,105293.94364855,1.245e-05
1750752000000,104933.74,104909.9157971,1.218e-05
1750780800000,105244.72,105182.2177029,4.47e-06
1750809600000,106083.0,106035.0,-3.174e-05
1750838400000,106600.0,106556.27685145,2.747e-05
1750867200000,107027.99,106984.14716304,9.62e-06
1750896000000,107340.59,107283.48498551,1.41e-06
1750924800000,107813.99,107768.6,3.805e-05
1750953600000,107313.61,107259.9,6.82e-06
1750982400000,106947.06,106913.8,1.113e-05
1751011200000,106869.72,106822.99177536,2.663e-05
1751040000000,107308.25,107261.2,2.557e-05
1751068800000,107047.58,106996.9,-1.161e-05
1751097600000,107485.01,107433.05392391,6.053e-05
1751126400000,107449.28,107407.6,4.434e-05
1751155200000,107296.79,107241.0,1.25e-05
1751184000000,107402.17,107355.6,5.36e-05
1751212800000,107750.72,107694.80147464,0.0001
1751241600000,108356.93,108310.31981522,1.084e-05
1751270400000,107614.07,107562.6,2.959e-05
1751299200000,107580.47,107538.70402174,4.923e-05
1751328000000,107146.51,107096.82611594,1.053e-05
1751356800000,107178.99,107122.8,4.334e-05
1751385600000,105955.19,105905.4,1.109e-05
1751414400000,105681.13,105638.0,1.807e-05
1751443200000,107080.0,107026.0,3.403e-05
1751472000000,108737.75,108695.3,4.13e-05
1751500800000,108849.59,108800.0,4.871e-05
1751529600000,109279.99,109235.0408587,3.562e-05
1751558400000,109127.85,109089.9,5.028e-05
1751587200000,109584.77,109545.2,5.23e-05
1751616000000,108700.0,108666.22027536,5.009e-05
1751644800000,107573.29,107534.7,1.797e-05
1751673600000,107984.25,107935.3,1.066e-05
1751702400000,108053.46,108001.93068165,3.055e-05
1751731200000,108058.0,108012.7,4.005e-05
1751760000000,108198.12,108153.4,1.941e-05
1751788800000,108040.31,107991.4,1.665e-05
1751817600000,108906.0,108856.8,1.028e-05
1751846400000,109203.85,109145.8,2.36e-05
1751875200000,109061.07,109016.3,3.438e-05
1751904000000,108292.59,108252.0,4.271e-05
1751932800000,108262.94,108208.86520652,1.073e-05
1751961600000,108484.61,108440.6,4.563e-05
1751990400000,108268.35,108216.9,3.601e-05
1752019200000,108922.99,108873.1,3.093e-05
1752048000000,108714.39,108674.8,3.396e-05
1752076800000,109071.32,109020.0,4.253e-05
1752105600000,111234.0,111199.8,0.0001
1752134400000,111229.99,111186.1,8.523e-05
1752163200000,111408.4,111349.5,1.908e-05
1752192000000,116010.01,115979.2,0.0001
1752220800000,117526.88,117522.8,0.0001
1752249600000,116902.58,116897.42130435,0.0001
1752278400000,117527.66,117501.26688406,0.0001
1752307200000,117731.99,117689.7,0.0001
1752336000000,117100.0,117075.5,0.0001
1752364800000,117420.0,117389.4,0.0001
1752393600000,117998.99,117957.51349275,0.0001
1752422400000,118672.23,118611.53782971,0.0001
1752451200000,119086.65,119041.56046377,8.051e-05
1752480000000,122736.04,122717.44717391,0.0001
1752508800000,119878.22,119867.57057971,0.0001
1752537600000,119841.17,119818.52750362,0.0001
1752566400000,116779.13,116780.52426812,0.0001
1752595200000,116391.43,116389.57304348,0.0001
1752624000000,117758.08,117738.5,0.0001
1752652800000,118189.24,118184.09413043,0.0001
1752681600000,119095.76,119054.3,0.0001
1752710400000,118630.44,118598.08606159,0.0001
1752739200000,118311.75,118289.1,0.0001
1752768000000,118881.99,118874.61847826,0.0001
1752796800000,119177.56,119176.6,0.0001
1752825600000,119339.51,119356.5,0.0001
1752854400000,117860.24,117851.82027174,0.0001
1752883200000,117924.84,117897.67534058,0.0001
1752912000000,118163.07,118135.0,0.0001
1752940800000,118058.1,118036.56383986,0.0001
1752969600000,117840.01,117814.4,0.0001
1752998400000,118029.49,117993.92586594,0.0001
1753027200000,118671.12,118669.4,0.0001
1753056000000,117265.11,117227.38173188,0.0001
1753084800000,119364.18,119352.1,0.0001
1753113600000,118313.16,118304.2,0.0001
1753142400000,117380.36,117331.09485145,0.0001
1753171200000,117983.69,117959.5,0.0001
1753200000000,118912.04,118899.8,0.0001
1753228800000,119954.43,119993.7,0.0001
1753257600000,118350.35,118327.36687681,0.0001
1753286400000,118567.39,118531.0,0.0001
1753315200000,118756.0,118713.5,0.0001
1753344000000,118416.21,118368.0,0.0001
1753372800000,119092.65,119074.1,0.0001
1753401600000,118340.98,118283.4,0.0001
1753430400000,115320.01,115314.35953986,0.0001
1753459200000,115727.07,115691.05080797,0.0001
1753488000000,117614.31,117588.55875092,0.0001
1753516800000,117304.47,117288.73869928,0.0001
1753545600000,118130.1,118112.87820652,0.0001
1753574400000,117919.99,117889.3,0.0001
1753603200000,118095.95,118087.08156884,0.0001
1753632000000,118585.75,118580.8,0.0001
1753660800000,119415.56,119419.44478261,0.0001
1753689600000,118900.01,118886.24443841,0.0001
1753718400000,118174.89,118158.66325758,0.0001
1753747200000,118062.32,118041.8671553,0.0001
1753776000000,118882.37,118856.3,0.0001
1753804800000,117400.02,117351.43826812,0.0001
1753833600000,117950.75,117904.12262319,0.0001
1753862400000,118123.0,118083.2,0.0001
1753891200000,118000.01,117949.9,0.0001
1753920000000,117840.29,117772.92036957,5.694e-05
1753948800000,118665.98,118624.0,0.0001
1753977600000,118306.18,118263.69556522,0.0001
1754006400000,115764.07,115702.16776087,-1.408e-05
1754035200000,115081.76,115035.53571377,1.549e-05
1754064000000,115357.82,115305.3,5.681e-05
1754092800000,113297.92,113244.7,4.81e-05
1754121600000,113982.49,113920.40738768,8.94e-06
1754150400000,112840.7,112798.5,4.437e-05
1754179200000,112546.35,112509.76593841,5.633e-05
1754208000000,113700.0,113647.1,4.533e-05
1754236800000,113959.06,113905.36980217,7.504e-05
1754265600000,114208.81,114150.84958333,4.188e-05
1754294400000,114652.98,114606.9,5.719e-05
1754323200000,114826.01,114774.5580471,3.912e-05
1754352000000,115055.03,115002.1,7.101e-05
1754380800000,113969.7,113924.7,8.589e-05
1754409600000,112934.0,112890.03634109,4.784e-05
1754438400000,114129.75,114077.36580435,5.172e-05
1754467200000,114227.9,114180.5031938,9.275e-05
1754496000000,115413.87,115389.8435814,8.288e-05
1754524800000,114992.27,114945.2239186,4.843e-05
1754553600000,114787.99,114751.2,7.574e-05
1754582400000,116689.8,116634.6,6.275e-05
1754611200000,117472.02,117419.9,2.403e-05
1754640000000,116817.2,116773.122225,1.729e-05
1754668800000,116207.7,116170.72810417,7.973e-05
1754697600000,116674.74,116628.2,8.835e-05
1754726400000,116756.0,116703.2,9.087e-05
1754755200000,116892.48,116839.01276667,5.151e-05
1754784000000,116462.25,116422.0,9.849e-05
1754812800000,117808.29,117770.1,0.0001
1754841600000,118815.0,118773.19905,0.0001
1754870400000,119294.27,119255.3,0.0001
1754899200000,121537.14,121533.485,0.0001
1754928000000,120314.4,120276.94746739,0.0001
1754956800000,118686.0,118642.12869203,0.0001
1754985600000,118986.73,118931.9,7.988e-05
1755014400000,119933.0,119887.9,8.543e-05
1755043200000,120134.09,120081.0,7.123e-05
1755072000000,119580.4,119546.71040942,0.0001
1755100800000,120920.61,120907.16175725,0.0001
1755129600000,123306.44,123324.0,0.0001
1755158400000,121725.31,121739.29889855,0.0001
1755187200000,118257.26,118206.5,0.0001
1755216000000,118295.09,118245.12016304,1.939e-05
1755244800000,118956.45,118908.4,7.99e-05
1755273600000,117275.23,117224.26810507,3.722e-05
1755302400000,117342.04,117282.05060833,8.85e-05
1755331200000,117596.07,117543.6,8.268e-05
1755360000000,117676.7,117626.9,9.023e-05
1755388800000,117380.66,117333.60187083,8.206e-05
1755417600000,118005.98,117949.9,4.68e-05
1755446400000,118246.15,118193.93730833,1.862e-05
1755475200000,117405.01,117358.84539167,2.846e-05
1755504000000,115205.99,115153.2,-6.82e-06
1755532800000,116145.34,116099.9,5.296e-05
1755561600000,116227.05,116183.6,7.137e-05
1755590400000,114978.15,114928.8,6.262e-05
1755619200000,113786.39,113730.0,3.167e-05
1755648000000,112872.95,112829.16656522,4.543e-05
1755676800000,113490.14,113436.7,1.364e-05
1755705600000,113353.94,113293.1,4.936e-05
1755734400000,114271.23,114221.25347464,1.143e-05
1755763200000,113896.03,113836.8,7.757e-05
1755792000000,112792.08,112748.9,7.414e-05
1755820800000,112500.0,112461.5,7.296e-05
1755849600000,113094.83,113040.1,0.0001
1755878400000,116370.75,116319.3,5.867e-05
1755907200000,116936.0,116897.5,0.0001
1755936000000,115799.46,115769.9,0.0001
1755964800000,114812.88,114778.21648188,9.711e-05
1755993600000,115438.06,115377.1,0.0001
1756022400000,114888.19,114854.8,0.0001
1756051200000,114400.01,114374.99972826,0.0001
1756080000000,113493.59,113446.3,0.0001
1756108800000,111511.56,111472.55518478,0.0001
1756137600000,112200.65,112139.1,8.344e-05
1756166400000,110111.98,110064.58160507,4.522e-05
1756195200000,110303.2,110246.49650362,3.9e-05
1756224000000,109666.34,109634.08811594,0.0001
1756252800000,111763.22,111709.9,1.802e-05
1756281600000,110725.19,110688.0,5.503e-05
1756310400000,111999.99,111965.1,3.496e-05
1756339200000,111262.01,111207.83953261,5.297e-05
1756368000000,113114.11,113079.3,9.693e-05
1756396800000,112678.53,112642.4190942,7.512e-05
1756425600000,112566.9,112509.45998913,4.261e-05
1756454400000,110019.38,109989.38102899,5.856e-05
1756483200000,108386.23,108340.72792754,6.44e-06
1756512000000,108377.4,108332.4,7.523e-05
1756540800000,108524.26,108466.7,7.979e-05
1756569600000,108869.98,108830.0,8.042e-05
1756598400000,108816.33,108758.15376812,-1.232e-05
1756627200000,108708.25,108658.2,4.749e-05
1756656000000,108818.69,108763.86765217,0.0001
1756684800000,108246.36,108208.3,4.66e-05
1756713600000,109432.99,109367.8,0.0001
1756742400000,108784.33,108737.9,4.963e-05
1756771200000,109237.43,109193.10473913,6.946e-05
1756800000000,110233.91,110190.1,8.805e-05
1756828800000,110829.16,110789.9,6.356e-05
1756857600000,111240.01,111189.75470652,7.67e-06
1756886400000,111099.87,111045.87517029,5.127e-05
1756915200000,112222.73,112171.59743478,2.344e-05
1756944000000,111705.72,111664.20931522,1.808e-05
1756972800000,110463.36,110417.3,4.385e-05
1757001600000,109510.32,109464.1,7.941e-05
1757030400000,110730.87,110679.5,7.532e-05
1757059200000,112954.32,112906.33317391,0.0001
1757088000000,110716.82,110672.1,7.872e-05
1757116800000,110660.0,110614.9,1.297e-05
1757145600000,110825.59,110779.9,5.66e-05
1757174400000,110384.16,110324.2,5.11e-05
1757203200000,110187.98,110135.3,1.97e-05
1757232000000,110753.41,110710.8,3.611e-05
1757260800000,111329.99,111280.66566667,6.969e-05
1757289600000,111137.35,111079.2797029,9.404e-05
1757318400000,111280.4,111236.4,6.682e-05
1757347200000,112631.74,112574.15101812,7.311e-05
1757376000000,112065.23,112015.09961957,3.799e-05
1757404800000,112991.11,112952.16761594,0.0001
1757433600000,110880.76,110830.1,0.0001
1757462400000,111546.38,111500.0,5.805e-05
1757491200000,112553.65,112503.82111957,5.026e-05
1757520000000,113853.99,113795.6,0.0001
1757548800000,113960.0,113899.89001087,5.843e-05
1757577600000,114083.58,114040.0,4.283e-05
1757606400000,114180.32,114133.27146739,3.326e-05
1757635200000,115482.69,115426.9,6.137e-05
1757664000000,115086.7,115049.0,3.768e-05
1757692800000,115121.18,115064.8,6.891e-05
1757721600000,116029.41,115978.4,-1.554e-05
1757750400000,115778.72,115719.33161349,2.251e-05
1757779200000,115768.68,115721.3,3.137e-05
1757808000000,115918.29,115865.61246739,8.182e-05
1757836800000,115805.39,115747.96161957,4.78e-05
1757865600000,115224.01,115191.27874724,3.115e-05
1757894400000,115268.01,115227.83664493,6.207e-05
1757923200000,115806.62,115769.6,8.259e-05
1757952000000,114842.9,114805.44046377,8.189e-05
1757980800000,115349.71,115300.6,9.97e-06
1758009600000,115839.99,115799.4,6.991e-05
1758038400000,115905.88,115878.0,6.472e-05
1758067200000,116788.96,116747.3,6.972e-05
1758096000000,117162.48,117120.5,8.441e-05
1758124800000,115875.33,115825.1,6.303e-05
1758153600000,116447.6,116402.5,4.941e-05
1758182400000,117086.01,117042.70206159,8.928e-05
1758211200000,117583.56,117530.2,4.208e-05
1758240000000,117073.53,117017.51732609,-2.31e-06
1758268800000,116909.98,116850.1,2.109e-05
1758297600000,115884.03,115827.0,5.264e-05
1758326400000,115632.39,115569.76332609,3.757e-05
1758355200000,115968.56,115909.9,-2.7e-07
1758384000000,115986.7,115928.4,-1.006e-05
1758412800000,115685.63,115625.0,-5.322e-05
1758441600000,115815.98,115773.32392029,2.563e-05
1758470400000,115531.62,115473.52326812,3.742e-05
1758499200000,115232.29,115183.9,6.665e-05
1758528000000,112520.0,112454.24433333,1.743e-05
1758556800000,112815.5,112768.7,4.838e-05
1758585600000,112650.99,112604.7,7.062e-05
1758614400000,113090.13,113048.1,7.083e-05
1758643200000,112882.2,112829.13869565,7.478e-05
1758672000000,111998.8,111947.1,5.794e-05
1758700800000,112583.54,112544.7,6.267e-05
1758729600000,113346.4,113300.0,4.886e-05
1758758400000,113307.01,113254.73047826,-2.2e-06
1758787200000,111766.73,111712.21934783,1.73e-05
1758816000000,111580.77,111546.0067971,9.56e-05
1758844800000,108994.49,108944.80184783,3.143e-05
1758873600000,109320.02,109257.3,4.36e-05
1758902400000,109027.79,108983.16757971,7.716e-05
1758931200000,109643.46,109588.74702899,-1e-07
1758960000000,109411.19,109354.9,3.425e-05
1758988800000,109402.25,109348.37457246,7.821e-05
1759017600000,109635.85,109577.33157971,3.314e-05
1759046400000,109513.06,109468.5,4.976e-05
1759075200000,110037.92,109989.9,5.261e-05
1759104000000,112163.96,112119.6,2.312e-05
1759132800000,111865.96,111814.8,1.304e-05
1759161600000,113815.57,113753.37049275,3.2e-07
1759190400000,114311.97,114261.5775,2.353e-05
1759219200000,113699.24,113662.3,5.893e-05
1759248000000,113106.15,113055.5,2.584e-05
1759276800000,114048.94,113988.7,3.355e-05
1759305600000,114539.02,114488.84474513,3.457e-05
1759334400000,117423.73,117367.03486232,0.0001
1759363200000,118594.99,118553.6,7.784e-05
1759392000000,118489.76,118444.2,0.0001
1759420800000,119910.78,119876.19732609,9.543e-05
1759449600000,120529.35,120481.3,9.926e-05
1759478400000,119640.22,119620.0,0.0001
1759507200000,122258.04,122240.9233958,0.0001
1759536000000,122232.21,122182.6,0.0001
1759564800000,122324.08,122274.3698051,0.0001
1759593600000,121791.31,121740.07963043,8.312e-05
1759622400000,122390.99,122343.2,8.648e-05
1759651200000,124713.63,124692.5,0.0001
1759680000000,122803.17,122753.0,9.566e-05
1759708800000,123482.32,123426.7,7.672e-05
1759737600000,123390.47,123342.94168841,9.708e-05
1759766400000,125000.0,124946.2,5.831e-05
1759795200000,124658.54,124619.4849058,0.0001
1759824000000,123668.0,123629.13742754,8.608e-05
1759852800000,121846.01,121822.13839855,6.194e-05
1759881600000,121332.96,121286.5,2.542e-05
1759910400000,121597.05,121555.76018116,0.0001
1759939200000,122189.72,122140.58355072,5.396e-05
1759968000000,123306.01,123237.94232609,1.344e-05
1759996800000,121906.09,121847.8,5.35e-05
1760025600000,121147.15,121084.88746377,1.455e-05
1760054400000,121662.41,121582.7910045,7.85e-06
1760083200000,120932.05,120878.7,3.879e-05
1760112000000,119018.99,118962.1,1.013e-05
1760140800000,112774.49,112716.8,0.0001
1760169600000,110384.6,110331.91623913,0.0001
1760198400000,111793.21,111744.4,4.67e-06
1760227200000,110644.4,110579.1,-3.055e-05
1760256000000,111525.19,111468.10053623,2.865e-05
1760284800000,113198.2,113123.87871739,-0.00010915
1760313600000,114958.81,114894.4,-3.942e-05
1760342400000,115399.66,115341.8,2.519e-05
1760371200000,114312.09,114260.8,-2.305e-05
1760400000000,115166.0,115112.0,-4.041e-05
1760428800000,111724.41,111677.04921014,7.12e-06
1760457600000,112900.44,112817.34618841,-4.498e-05
1760486400000,113028.13,112984.75726812,-5.425e-05
1760515200000,112584.49,112526.11848551,3.973e-05
1760544000000,110798.01,110757.4,2.25e-06
1760572800000,110763.28,110701.13593478,-2.741e-05
1760601600000,110584.21,110526.82160145,-2.23e-05
1760630400000,108549.21,108493.60663043,-3.004e-05
1760659200000,108194.27,108132.22237681,-2.85e-06
1760688000000,105633.75,105578.3,-6.34e-06
1760716800000,106803.52,106764.91873188,-2.91e-06
1760745600000,106431.68,106378.67421014,-4.819e-05
1760774400000,106665.01,106642.86139855,-6.376e-05
1760803200000,106948.75,106896.91817391,-3.681e-05
1760832000000,107185.0,107117.5,-1.411e-05
1760860800000,106786.0,106733.3,1.512e-05
1760889600000,108486.71,108434.7964058,2.787e-05
1760918400000,108642.77,108590.7,-2.197e-05
1760947200000,111169.91,111144.51395652,-6.65e-06
1760976000000,111144.55,111079.2,-1.8e-07
1761004800000,110532.09,110469.9,-5.567e-05
1761033600000,108086.38,108040.11896377,2.222e-05
1761062400000,113422.6,113355.3,-2.506e-05
1761091200000,108297.66,108256.95482609,-4.212e-05
1761120000000,108321.64,108285.03557721,2.445e-05
1761148800000,108416.5,108375.0050942,5.702e-05
1761177600000,107567.45,107532.0,8.911e-05
1761206400000,109269.9,109229.9408913,2.673e-05
1761235200000,109908.29,109849.0,3.933e-05
1761264000000,110078.19,110032.13344928,3.391e-05
1761292800000,111054.61,111014.12165942,1.783e-05
1761321600000,110046.92,110009.8,3.224e-05
1761350400000,111004.9,110965.34494203,5.02e-05
1761379200000,111489.59,111445.4,1.484e-05
1761408000000,111385.18,111341.17806667,5.57e-05
1761436800000,111646.27,111593.3293913,1.903e-05
1761465600000,111723.98,111672.9,5.35e-06
1761494400000,113694.97,113651.89706522,6.904e-05
1761523200000,114559.41,114505.72468116,0.0001
1761552000000,115554.59,115522.4,0.0001
1761580800000,114969.68,114914.5,7.304e-05
1761609600000,114107.65,114064.1,6.059e-05
1761638400000,114188.38,114132.8762971,7.806e-05
1761667200000,114641.38,114580.1,2.992e-05
1761696000000,112898.44,112841.11893478,-3.2e-07
1761724800000,113577.9,113512.0,3.588e-05
1761753600000,111509.74,111460.6,5.003e-05
1761782400000,110021.3,109985.95808696,1.097e-05
1761811200000,111366.72,111319.3395942,3.449e-05
1761840000000,107711.56,107670.5,3.562e-05
1761868800000,108322.87,108263.5,2.13e-06
1761897600000,109449.32,109400.0,0.0001
1761926400000,110202.9,110173.78203623,0.0001
1761955200000,109608.01,109557.3,0.0001
1761984000000,110071.4,110025.3,0.0001
1762012800000,110310.65,110261.9,9.782e-05
1762041600000,110098.1,110051.81800725,8.2e-05
1762070400000,110895.53,110846.38874638,8.15e-05
1762099200000,110117.49,110066.1,5.635e-05
1762128000000,110540.69,110497.99736957,6.098e-05
1762156800000,107468.23,107431.0332029,6.853e-05
1762185600000,105745.71,105718.8,5.329e-05
1762214400000,106583.05,106544.0,0.0001
1762243200000,104490.73,104446.13108696,5.808e-05
1762272000000,103197.02,103157.2,6.339e-05
1762300800000,101497.23,101437.3,7.132e-05
1762329600000,101993.03,101946.1,2.831e-05
1762358400000,103728.3,103667.8,2.816e-05
1762387200000,103885.16,103847.34145652,3.985e-05
1762416000000,103184.75,103144.43398551,7.916e-05
1762444800000,102014.49,101988.1,4.494e-05
1762473600000,101346.04,101305.6,4.705e-05
1762502400000,102009.99,101978.8,4.227e-05
1762531200000,100797.95,100758.1,8.631e-05
1762560000000,103339.09,103305.2,7.776e-05
1762588800000,102352.96,102314.6037971,3.047e-05
1762617600000,101711.46,101678.1,3.74e-05
1762646400000,102312.95,102269.2,-1.64e-05
1762675200000,101944.6,101898.2,4.187e-05
1762704000000,103762.18,103717.85895652,8.948e-05
1762732800000,104722.95,104670.7,8.87e-05
1762761600000,106461.46,106421.67538406,7.355e-05
1762790400000,105079.99,105018.03477536,4.979e-05
1762819200000,106011.13,105966.2,2.818e-05
1762848000000,104783.99,104737.0,-2.775e-05
1762876800000,103455.99,103421.01242754,5.823e-05
1762905600000,103059.0,103007.53711594,2.462e-05
1762934400000,103112.65,103070.02844928,6.87e-06
1762963200000,102173.51,102156.97811594,5.786e-05
1762992000000,101654.37,101605.9,1.077e-05
1763020800000,103475.66,103431.0,9.352e-05
1763049600000,101382.63,101343.98608696,7.448e-05
1763078400000,99692.03,99663.82278986,8.569e-05
1763107200000,97151.97,97102.43884783,9.126e-05
1763136000000,96796.14,96752.6,9.078e-05
1763164800000,94594.0,94544.9,8.507e-05
1763193600000,96333.87,96292.37823188,0.0001
1763222400000,96259.99,96222.2,5.923e-05
1763251200000,95596.23,95560.3,7.745e-05
1763280000000,96099.98,96065.30980435,0.0001
1763308800000,94573.46,94526.6,7.06e-05
1763337600000,94261.45,94234.43224638,0.0001
1763366400000,95653.78,95599.53695652,9.568e-05
1763395200000,93959.68,93917.48474513,7.208e-05
1763424000000,92215.14,92169.7,0.0001
1763452800000,90512.1,90463.52234058,0.0001
1763481600000,92910.1,92856.83807346,3.725e-05
1763510400000,92960.83,92916.9,7.496e-05
1763539200000,91863.64,91831.80035507,5.012e-05
1763568000000,89951.7,89905.19610145,3.98e-05
1763596800000,91554.96,91522.33241304,4.259e-05
1763625600000,92320.18,92268.56732609,0.0001
1763654400000,89869.88,89845.8,8.999e-05
1763683200000,86637.22,86603.55317391,4.272e-05
1763712000000,84049.38,84022.8696087,4.524e-05
1763740800000,82932.46,82896.5,2.642e-05
1763769600000,85129.42,85093.5,1.373e-05
1763798400000,84580.06,84537.3,6.735e-05
1763827200000,84284.01,84241.49595652,5.057e-05
1763856000000,84739.75,84691.12791304,3.812e-05
1763884800000,85782.18,85745.86332609,1.53e-06
1763913600000,87087.44,87043.56694928,-8.93e-06
1763942400000,86830.0,86807.6,-6e-08
1763971200000,87050.39,87004.6,-1.34e-06
1764000000000,86616.44,86571.90668116,5.044e-05
1764028800000,88300.01,88247.84814093,-5.29e-05
1764057600000,87384.81,87362.2,1.996e-05
1764086400000,86988.93,86946.5,-3.019e-05
1764115200000,87369.97,87324.1,4.038e-05
1764144000000,87935.05,87897.61326087,5.388e-05
1764172800000,86977.99,86926.52760145,-4.19e-06
1764201600000,90484.01,90440.1,-2.599e-05
1764230400000,91408.34,91362.62505797,2.408e-05
1764259200000,90958.29,90913.0,4.624e-05
1764288000000,91333.94,91292.57118441,1.771e-05
1764316800000,90910.87,90877.6,6.007e-05
1764345600000,92362.5,92310.6888081,-1.703e-05
1764374400000,90890.71,90847.8,-1.982e-05
1764403200000,90567.66,90523.5,1.778e-05
1764432000000,91063.5,91029.9,2.635e-05
1764460800000,90802.44,90765.0,6.082e-05
1764489600000,90968.16,90924.6,3.556e-05
1764518400000,91435.31,91411.4,3.88e-05
1764547200000,90360.01,90327.18313043,3.593e-05
1764576000000,86550.3,86498.90961019,3.153e-05
1764604800000,84677.87,84650.79218841,1.491e-05
1764633600000,86286.01,86251.64706522,-1.009e-05
1764662400000,87012.64,86967.63789167,2.643e-05
1764691200000,90850.01,90816.8987029,3.999e-05
1764720000000,91277.88,91249.1,-1.732e-05
1764748800000,93000.0,92970.0,4.206e-05
1764777600000,92373.3,92333.85671014,-8.85e-06
1764806400000,93429.95,93381.85158696,-3.95e-06
1764835200000,93397.67,93361.06881884,7.435e-05
1764864000000,92971.49,92945.25542029,3.928e-05
1764892800000,92078.06,92036.81684783,4.837e-05
1764921600000,92258.64,92219.3,4.944e-05
1764950400000,90459.34,90414.1392971,3.91e-06
1764979200000,89330.04,89288.87393478,3.693e-05
1765008000000,89597.14,89549.6,1.919e-05
1765036800000,89758.77,89713.4,-1.822e-05
1765065600000,89236.8,89190.2,4.192e-05
1765094400000,89379.73,89337.94880435,1.666e-05
1765123200000,89554.52,89509.46367391,5.212e-05
1765152000000,90395.32,90347.07469565,-5.39e-06
1765180800000,91565.46,91519.8,6.545e-05
1765209600000,89961.36,89921.35480435,3.395e-05
1765238400000,90634.35,90610.7,8.52e-06
1765267200000,90496.8,90437.5,6.379e-05
1765296000000,92707.5,92667.54021739,5.443e-05
1765324800000,92678.81,92638.3,2.777e-05
1765353600000,92782.91,92744.7,1.996e-05
1765382400000,92063.69,92029.50025362,3.205e-05
1765411200000,92015.38,91981.25991304,2.59e-05
1765440000000,90272.76,90231.4,-1.577e-05
1765468800000,89872.51,89838.70794203,6.1e-05
1765497600000,92513.38,92479.8,6.914e-05
1765526400000,92425.33,92392.37302174,4.698e-05
1765555200000,89935.13,89905.2817029,3.383e-05
1765584000000,90268.43,90229.7,1.21e-06
1765612800000,90329.98,90282.74673913,6.02e-05
1765641600000,90092.17,90055.4,6.041e-05
1765670400000,90240.0,90197.0,0.0001
1765699200000,90245.6,90205.0,2.898e-05
1765728000000,89022.92,88985.2,3.773e-05
1765756800000,88172.16,88108.1,1.9e-06
1765785600000,89753.43,89703.0,-8.93e-06
1765814400000,87033.21,86995.88862819,3.081e-05
1765843200000,86432.08,86389.99156522,7.467e-05
1765872000000,86021.51,85964.2,1.35e-05
1765900800000,87977.44,87940.4,4.089e-05
1765929600000,87863.43,87826.3,6.221e-05
1765958400000,87045.59,87010.4,8.987e-05
1765987200000,87233.44,87198.3,5.917e-05
1766016000000,86243.23,86206.73265942,6.23e-05
1766044800000,86833.83,86787.5,-8.67e-06
1766073600000,88513.43,88487.0,8.355e-05
1766102400000,85516.41,85473.7159058,5.491e-05
1766131200000,87953.39,87913.9,0.0001
1766160000000,87951.86,87936.1810045,0.0001
1766188800000,88136.95,88100.0531087,0.0001
1766217600000,88275.41,88239.9,1.234e-05
1766246400000,88178.72,88134.6,7.171e-05
1766275200000,88360.91,88320.8,9.682e-05
1766304000000,88174.79,88141.4479058,8.873e-05
1766332800000,88067.96,88024.7,3.977e-05
1766361600000,88658.87,88621.3,4.389e-05
1766390400000,89170.1,89132.4210942,4.524e-05
1766419200000,89726.93,89688.5,6.654e-05
1766448000000,88620.79,88579.9,2.633e-05
1766476800000,87574.78,87531.60234783,5.231e-05
1766505600000,87443.45,87407.18552899,1.795e-05
1766534400000,87486.0,87463.0,0.0001
1766563200000,86911.53,86866.4,8.455e-05
1766592000000,87050.0,87017.48463043,5.927e-05
1766620800000,87669.44,87627.3,5.953e-05
1766649600000,87837.59,87795.9,7.953e-05
1766678400000,88371.27,88327.2,8.322e-05
1766707200000,87225.27,87185.69548551,4.378e-05
1766736000000,88470.75,88433.0,5.427e-05
1766764800000,87137.81,87100.0,0.0001
1766793600000,87369.56,87330.0667084,1.809e-05
1766822400000,87539.26,87490.9,2.788e-05
1766851200000,87551.26,87510.2,5.85e-05
1766880000000,87877.0,87831.96938406,-3.6e-07
1766908800000,87730.86,87697.84224167,7.955e-05
1766937600000,87836.27,87797.6,9.464e-05
1766966400000,87952.71,87920.5,0.0001
1766995200000,89617.71,89583.0,0.0001
1767024000000,87691.62,87643.76313043,4.826e-05
1767052800000,87237.13,87209.04473188,0.0001
1767081600000,87502.85,87457.5,4.613e-05
1767110400000,89016.36,88966.8,8.345e-05
1767139200000,88485.5,88455.3,2.922e-05
1767168000000,88613.11,88569.0,1.453e-05
1767196800000,87953.97,87909.0,3.75e-05
1767225600000,87648.21,87608.3,0.0001
1767254400000,87631.88,87603.80894203,0.0001
1767283200000,88032.17,87986.8,1.711e-05
1767312000000,88839.05,88799.9,5.608e-05
1767340800000,88857.6,88829.2,4.219e-05
1767369600000,89418.1,89373.0,4.813e-05
1767398400000,89995.14,89951.89852174,3.11e-05
1767427200000,89577.13,89535.9,1.055e-05
1767456000000,89969.31,89931.8,6.938e-05
1767484800000,90628.01,90595.85826667,9.488e-05
1767513600000,91532.0,91481.74876087,5.813e-05
1767542400000,91334.94,91295.09684783,4.436e-05
1767571200000,91529.74,91512.43532609,8.893e-05
1767600000000,92520.63,92492.27911544,5.23e-05
1767628800000,93957.74,93914.99367316,7.723e-05
1767657600000,93859.71,93822.4,-1.376e-05
1767686400000,93255.08,93208.62138406,2.816e-05
1767715200000,93649.0,93608.2,2.691e-05
1767744000000,93747.97,93708.0,6.582e-05
1767772800000,92879.14,92848.1,0.0001
1767801600000,91349.95,91303.2,2.885e-05
1767830400000,91364.16,91328.1,8.693e-05
1767859200000,90548.02,90509.9,0.0001
1767888000000,90781.57,90763.7241087,6.436e-05
1767916800000,91100.0,91059.8,-2.813e-05
1767945600000,90741.85,90712.2,7.258e-05
1767974400000,91176.48,91137.7,2.18e-06
1768003200000,90641.27,90604.03880833,5.643e-05
1768032000000,90678.5,90627.1,7.657e-05
1768060800000,90665.76,90622.7,6.235e-05
1768089600000,90504.7,90469.7,8.744e-05
1768118400000,90710.8,90664.86374094,4.67e-05
1768147200000,90875.79,90834.1,1.667e-05
1768176000000,91013.66,90976.6,1.813e-05
1768204800000,91408.09,91369.3,2.902e-05
1768233600000,91664.99,91625.1,4.65e-05
1768262400000,91296.2,91254.18296377,2.245e-05
1768291200000,91941.99,91920.87575362,9.838e-05
1768320000000,93449.99,93407.9,3.445e-05
1768348800000,95413.99,95375.2,1.29e-06
1768377600000,95205.11,95170.48131159,2.497e-05
1768406400000,96764.57,96691.9,4.076e-05
1768435200000,96951.78,96908.0,-3.67e-06
1768464000000,96630.47,96606.62814493,1.749e-05
1768492800000,96737.04,96750.47456522,1.526e-05
1768521600000,95604.81,95567.4,7.34e-05
1768550400000,95653.16,95608.3,7.337e-05
1768579200000,94585.99,94537.5,2.495e-05
1768608000000,95550.94,95503.7,-1.78e-06
1768636800000,95101.67,95061.58289855,3.007e-05
1768665600000,95573.65,95529.0,2.976e-05
1768694400000,95147.77,95108.62485833,3.503e-05
1768723200000,95028.27,94989.9,9.616e-05
1768752000000,95119.27,95072.97801667,6.571e-05
1768780800000,93673.14,93614.0,3.473e-05
1768809600000,92841.62,92788.73004348,1.943e-05
1768838400000,93068.62,93017.11165217,2.494e-05
1768867200000,92630.99,92590.59439855,9.819e-05
1768896000000,91177.99,91136.1,6.626e-05
1768924800000,90684.95,90652.79605072,5.652e-05
1768953600000,88427.66,88390.6,0.0001
1768982400000,89213.96,89180.30531159,6.055e-05
1769011200000,90288.04,90237.2,2.41e-05
1769040000000,89454.73,89419.48837681,6.355e-05
1769068800000,89818.79,89772.5,5.11e-05
1769097600000,89000.0,88978.66202899,9.419e-05
1769126400000,89559.68,89518.5,5.09e-05
1769155200000,89549.45,89509.13183333,3.39e-05
1769184000000,89761.61,89713.0,6.968e-05
1769212800000,89600.26,89558.7,1.531e-05
1769241600000,89620.11,89583.1405,8.909e-05
1769270400000,89275.77,89237.32462519,3.901e-05
1769299200000,89225.34,89181.09492029,1.336e-05
1769328000000,88659.99,88630.90404348,8.051e-05
1769356800000,88446.51,88406.0,4.917e-05
1769385600000,86670.36,86629.0,4.067e-05
1769414400000,88000.64,87969.0,2.847e-05
1769443200000,87641.41,87609.5,5.606e-05
1769472000000,88347.08,88301.36701449,4.267e-05
1769500800000,88320.41,88290.49133841,6.028e-05
1769529600000,88047.46,88009.15772864,7.503e-05
1769558400000,89249.99,89203.89821739,6.237e-05
1769587200000,89134.35,89106.9,6.174e-05
1769616000000,89479.66,89446.72848576,3.83e-05
1769644800000,89300.0,89262.92891304,7.21e-05
1769673600000,88352.96,88310.9,5.856e-05
1769702400000,84934.02,84898.27826087,4.023e-05
1769731200000,84650.16,84617.11086232,4.478e-05
1769760000000,82816.98,82778.82526087,1.714e-05
1769788800000,82882.84,82853.51839855,3.1e-06
1769817600000,84260.5,84213.96525362,9.693e-05
1769846400000,83546.82,83514.4,3.548e-05
1769875200000,81302.16,81275.68205797,6.585e-05
1769904000000,78741.1,78701.59597101,-3.267e-05
1769932800000,78343.0,78320.9,3.421e-05
1769961600000,77593.4,77563.8,1.722e-05
1769990400000,76968.22,76931.6,6.8e-07
1770019200000,76660.78,76609.9,-3.043e-05
1770048000000,78850.06,78800.6,-5.713e-05
1770076800000,78738.6,78698.62801349,-2.203e-05
1770105600000,78794.67,78745.6,2.245e-05
1770134400000,78132.34,78099.52176087,-4.65e-06
1770163200000,75770.21,75732.4,1.19e-06
1770192000000,76514.3,76478.9,3.551e-05
1770220800000,74136.48,74101.9,4.618e-05
1770249600000,73165.84,73153.9,9.173e-05
1770278400000,70756.86,70710.7436057,2.98e-06
1770307200000,67489.08,67455.49563043,-4.957e-05
1770336000000,62909.87,62887.1415,-1.597e-05
1770364800000,64856.0,64791.4,-0.00013688
1770393600000,68625.99,68574.0,-0.00013478
1770422400000,70580.26,70544.4,-0.00015178
1770451200000,68087.13,68067.0,-8.326e-05
1770480000000,69151.5,69122.1,-2.907e-05
1770508800000,69289.37,69254.2,-3.403e-05
1770537600000,69710.69,69667.5,-3.546e-05
1770566400000,71188.99,71152.6,-4.864e-05
1770595200000,70330.38,70304.73338406,-3.075e-05
1770624000000,70422.59,70393.4,1.846e-05
1770652800000,69563.37,69538.5,-4.284e-05
1770681600000,70138.0,70110.6,-8.798e-05
1770710400000,68919.66,68882.1,-4.829e-05
1770739200000,69293.37,69252.9,-8.816e-05
1770768000000,68841.28,68805.3,1.4e-05
1770796800000,67032.71,67000.0,-8.417e-05
1770825600000,66519.72,66489.4,-1.169e-05
1770854400000,67082.52,67072.2,-1.381e-05
1770883200000,67217.71,67200.19716739,3.499e-05
1770912000000,67134.74,67103.7,-1.728e-05
1770940800000,66272.17,66243.2,5.834e-05
1770969600000,66208.96,66184.59749275,7.16e-06
1770998400000,68692.12,68652.4,-1.274e-05
1771027200000,68853.97,68853.38406522,1.291e-05
1771056000000,69219.27,69182.52364493,3.174e-05
1771084800000,69778.28,69754.1,-3.094e-05
1771113600000,69822.94,69795.4,-1.068e-05
1771142400000,70828.43,70784.0,4.664e-05
1771171200000,69100.0,69068.1,-2.371e-05
1771200000000,68832.59,68798.3,2.659e-05
1771228800000,68587.89,68554.37742754,-3.277e-05
1771257600000,67539.53,67505.5,-4.112e-05
1771286400000,68892.43,68862.55130435,5.883e-05
1771315200000,68388.12,68353.4,2.672e-05
1771344000000,67392.06,67363.5,5.077e-05
1771372800000,67503.52,67475.9,3.215e-05
1771401600000,68106.44,68078.4,-1.41e-06
1771430400000,67694.01,67672.6371087,3.604e-05
1771459200000,66461.0,66430.40573913,-4.014e-05
1771488000000,67206.45,67182.87271014,2.686e-05
1771516800000,66398.01,66367.72373188,-3.052e-05
1771545600000,67003.73,66974.0,5.365e-05
1771574400000,67825.91,67794.7,1.302e-05
1771603200000,67582.95,67551.9554058,-6.71e-06
1771632000000,68020.0,67988.82876812,4.456e-05
1771660800000,67856.01,67821.0,2.485e-05
1771689600000,68615.01,68583.28794603,3.235e-05
1771718400000,67975.93,67958.92213768,7.3e-06
1771747200000,68005.3,67974.33214493,4.2e-07
1771776000000,67684.15,67660.0,4.972e-05
1771804800000,67643.39,67613.6,6.946e-05
1771833600000,65958.94,65915.8,-9.317e-05
1771862400000,65660.1,65638.07392029,2.251e-05
1771891200000,64656.01,64630.15072464,5.706e-05
1771920000000,63192.79,63164.8,-1.193e-05
1771948800000,63973.98,63936.83454348,-1.82e-06
1771977600000,64058.15,64031.3,2.375e-05
1772006400000,65028.3,65002.83121739,3.3e-07
1772035200000,67412.32,67376.31104348,-9.68e-06
1772064000000,67988.04,67953.96802174,-1.998e-05
1772092800000,67825.05,67799.9,-1.128e-05
1772121600000,67382.0,67353.4,4.007e-05
1772150400000,67485.19,67448.50202899,-9.91e-06
1772179200000,67690.6,67650.26318841,-8.123e-05
1772208000000,66095.4,66073.3764093,-6.56e-06
1772236800000,65872.09,65839.41943778,4.041e-05
1772265600000,63825.99,63790.8,-3.727e-05
1772294400000,64841.17,64801.17139855,-4.305e-05
1772323200000,66973.26,66952.93531159,-6.88e-06
1772352000000,67141.4,67113.9,4.563e-05
1772380800000,66842.42,66802.6,2.948e-05
1772409600000,65776.48,65749.9,-2.99e-06
1772438400000,66007.8,65981.3,-1.956e-05
1772467200000,69130.2,69089.1,-1.083e-05
1772496000000,68830.06,68801.8,-1.86e-06
1772524800000,68172.79,68138.3,1.437e-05
1772553600000,67725.82,67723.07507496,1.481e-05
1772582400000,68338.01,68299.9247971,-5.39e-05
1772611200000,69493.14,69469.27951449,2.52e-05
1772640000000,73396.87,73345.0,4.683e-05
1772668800000,72666.77,72641.3,3.567e-05
1772697600000,72055.5,72021.33210145,4.965e-05
1772726400000,71652.77,71608.5,1.74e-06
1772755200000,70891.02,70860.02442029,1.689e-05
1772784000000,71056.44,71026.8,-3.061e-05
1772812800000,68504.71,68469.42278261,-2.176e-05
1772841600000,68114.02,68094.46161594,6.19e-06
1772870400000,67842.67,67809.4,3.525e-05
1772899200000,67877.45,67844.9,-4.217e-05
1772928000000,67262.91,67232.2,-4.496e-05
1772956800000,67319.9,67287.74237681,-1.115e-05
1772985600000,67218.23,67176.51471014,-2.868e-05
1773014400000,65971.2,65935.34171664,-5.77e-05
1773043200000,67555.13,67505.08897101,-4.579e-05
1773072000000,68863.67,68842.62088406,-3.431e-05
1773100800000,68432.16,68398.94584783,-2.394e-05
1773129600000,70406.01,70374.6,1.23e-05
1773158400000,71346.17,71303.55932609,1.738e-05
1773187200000,69948.64,69906.39643478,-0.00011052
1773216000000,69648.28,69622.2,-5.252e-05
1773244800000,70227.92,70186.9,-5.824e-05
1773273600000,70191.86,70150.0,-7.802e-05
1773302400000,69826.19,69793.59004348,-5.392e-05
1773331200000,70334.89,70285.70086232,-7.381e-05
1773360000000,70541.34,70487.01187681,-2.789e-05
1773388800000,71612.23,71585.2,4.263e-05
1773417600000,71831.46,71801.52278986,-6.38e-06
1773446400000,70930.01,70895.6,-3.79e-06
1773475200000,70596.68,70565.7,-3.988e-05
1773504000000,70580.09,70556.44462101,-4.851e-05
1773532800000,71211.95,71174.4,-1.883e-05
1773561600000,71453.59,71421.70264618,-6.461e-05
1773590400000,71481.24,71444.5,2.659e-05
1773619200000,72815.25,72778.9,2.513e-05
1773648000000,73456.69,73427.8,7.139e-05
1773676800000,73274.75,73241.19793478,2.015e-05
1773705600000,74884.67,74854.37298551,2.41e-06
1773734400000,74249.32,74212.7,-2.505e-05
1773763200000,73914.4,73882.60358696,-1.26e-05
1773792000000,73909.37,73872.4,-6.569e-05
1773820800000,73883.8,73840.08823913,-4.813e-05
1773849600000,71467.82,71438.64453523,2.418e-05
1773878400000,71246.55,71208.72342754,-9.74e-06
1773907200000,70191.16,70147.53643478,-3.012e-05
1773936000000,69412.52,69372.7,1.205e-05
1773964800000,69930.01,69895.06080435,6.25e-06
1773993600000,70854.66,70811.9,7.53e-06
1774022400000,69860.09,69838.04147826,-2.23e-06
1774051200000,70510.73,70475.05032609,-1.493e-05
1774080000000,70727.33,70681.53331884,-7.38e-06
1774108800000,70630.02,70599.1,1.093e-05
1774137600000,68918.12,68881.72855072,8.06e-06
1774166400000,68919.37,68884.4,-4.425e-05
1774195200000,68847.97,68819.80918841,-6.837e-05
1774224000000,67859.0,67834.34094203,-2.079e-05
1774252800000,68333.16,68290.8,-2.863e-05
1774281600000,70131.48,70112.2,1.6e-06
1774310400000,70906.45,70868.68562319,4.229e-05
1774339200000,71291.7,71264.0,3.675e-05
1774368000000,69873.04,69842.4,3.056e-05
1774396800000,70556.74,70525.82657246,2.31e-05
1774425600000,70926.88,70899.9,1.074e-05
1774454400000,70832.99,70803.40069565,4.721e-05
1774483200000,71336.53,71297.6,2.448e-05
1774512000000,70087.44,70053.8,1.379e-05
1774540800000,69082.64,69060.7,-2.103e-05
1774569600000,68820.31,68788.1,2.925e-05
1774598400000,68540.49,68496.9,-6.298e-05
1774627200000,66112.82,66091.9,-5.841e-05
1774656000000,66407.28,66364.2,-8.088e-05
1774684800000,66561.49,66523.62176812,-7.604e-05
1774713600000,67014.92,66998.7120942,-1.73e-06
1774742400000,66377.04,66337.79104948,-3.68e-05
1774771200000,66671.0,66633.22935507,-1.2e-07
1774800000000,66523.01,66500.0,2.677e-05
1774828800000,66010.93,65973.4,3e-06
1774857600000,67624.39,67596.69581884,4.92e-06
1774886400000,67629.4,67595.59310345,7.58e-06
1774915200000,66797.38,66764.4,1.16e-06
1774944000000,67367.7,67343.9,-1.921e-05
1774972800000,66736.79,66700.0,-2.763e-05
1775001600000,68284.49,68243.29673913,-3.449e-05
1775030400000,68692.0,68668.6,-4.61e-06
1775059200000,68918.52,68876.81806522,5.77e-06
1775088000000,68113.92,68086.5,3.521e-05
1775116800000,66930.79,66888.20861594,8.45e-06
1775145600000,66852.91,66819.54021739,-7.398e-05
1775174400000,66901.99,66869.74346667,-8.31e-06
1775203200000,67042.08,67008.7,-5.99e-06
1775232000000,66827.15,66809.33805072,3.51e-06
1775260800000,66964.29,66930.0,3.761e-05
1775289600000,67014.95,66983.97256934,4.115e-05
1775318400000,67383.66,67357.3,1.651e-05
1775347200000,67300.42,67271.0,2.407e-05
1775376000000,66820.64,66787.4,3.812e-05
1775404800000,67306.65,67278.50018741,1.889e-05
1775433600000,69034.18,68997.4,7.073e-05
1775462400000,69115.91,69087.63507246,5.544e-05
1775491200000,69968.87,69925.85927536,4.23e-06
1775520000000,68853.66,68822.2,-3.15e-06
1775548800000,68624.6,68594.77686657,3.703e-05
1775577600000,68168.11,68141.01094203,7.393e-05
1775606400000,71924.22,71907.34283333,6.02e-05
1775635200000,71627.59,71612.1,1.563e-05
1775664000000,71309.99,71275.77918841,4.048e-05
1775692800000,71069.93,71038.1,-1.47e-06
1775721600000,70982.01,70945.0,5.239e-05
1775750400000,72142.0,72108.0,-1.986e-05
1775779200000,71787.98,71755.54984058,4.11e-06
1775808000000,71481.85,71461.2,2.458e-05
1775836800000,72460.52,72415.7,-2.187e-05
1775865600000,72962.71,72917.4,-7.225e-05
1775894400000,72745.38,72707.7,-6.083e-05
1775923200000,72858.18,72818.86697826,-6.755e-05
1775952000000,73043.16,73013.4,-8.108e-05
1775980800000,71664.99,71628.1,-3.69e-05
1776009600000,70892.04,70856.2,-3.35e-06
1776038400000,70741.56,70709.4,-2.34e-06
1776067200000,70813.88,70780.1,-1.83e-06
1776096000000,71866.59,71823.7,-5.409e-05
1776124800000,74418.0,74386.5,-5.854e-05
1776153600000,74545.99,74513.4,2.732e-05
1776182400000,75317.06,75274.9,-5.234e-05
1776211200000,74131.55,74106.9,-9.313e-05
1776240000000,73730.43,73705.2,-5.085e-05
1776268800000,73844.07,73811.00873913,-7.151e-05
1776297600000,74809.99,74776.2,-3.418e-05
1776326400000,74707.02,74667.7,-2.841e-05
1776355200000,74697.2,74659.57926087,-2.225e-05
1776384000000,75154.28,75115.14794928,3.297e-05
1776412800000,75074.76,75047.4,2.781e-05
1776441600000,77785.03,77734.4,-0.00010789
1776470400000,77072.01,77044.79824638,-8.098e-05
1776499200000,76997.79,76952.46500725,-7.082e-05
1776528000000,76167.33,76124.8,-4.586e-05
1776556800000,75691.76,75653.8,-8.395e-05
1776585600000,75252.33,75205.6,-7.219e-05
1776614400000,75846.63,75807.7,-0.00012276
1776643200000,73801.8,73752.30151667,-4.615e-05
1776672000000,74837.18,74795.5,-4.778e-05
1776700800000,75716.78,75678.04248876,-2.745e-05
1776729600000,75840.97,75791.4,-7.937e-05
1776758400000,76084.34,76050.1,-5.824e-05
1776787200000,75834.66,75799.9,-4.242e-05
1776816000000,76336.14,76289.54071739,-2.237e-05
1776844800000,78012.78,77979.7,3.56e-05
1776873600000,79272.91,79234.2,-7.49e-06
1776902400000,78178.22,78139.7,-7.87e-05
1776931200000,78048.61,78009.0,-3.553e-05
1776960000000,78376.77,78331.27050975,-6.696e-05
1776988800000,78257.48,78214.8,-3.829e-05
1777017600000,77644.59,77620.5,-7.865e-05
1777046400000,78038.63,78007.3,-3.152e-05
1777075200000,77437.13,77395.9,-1.077e-05
1777104000000,77501.19,77459.9,-6.235e-05
1777132800000,77330.25,77295.96852174,-5.699e-05
1777161600000,77625.0,77585.0,2.41e-06
1777190400000,78102.53,78064.44689855,1.53e-06
1777219200000,78049.0,78008.58376812,1.95e-06
1777248000000,78657.55,78617.4,2.49e-06
1777276800000,77606.59,77556.92439855,-8.659e-05
1777305600000,76793.1,76762.28381159,-5.678e-05
1777334400000,77371.32,77333.1757029,-3.951e-05
1777363200000,76879.28,76828.3,-3.204e-05
1777392000000,76066.37,76026.6336721,5.242e-05
1777420800000,76342.78,76298.1,1.305e-05
1777449600000,77053.65,77007.65595652,-2.84e-05
1777478400000,75924.24,75880.57366567,3.571e-05
1777507200000,75780.0,75749.8,-4.22e-05
1777536000000,76161.67,76130.0,-1.837e-05
1777564800000,76473.6,76429.2,-2.904e-05
1777593600000,76346.58,76305.5,-3.746e-05
1777622400000,77130.54,77101.09816667,-1.81e-05
1777651200000,78445.88,78424.72796268,-3.143e-05
1777680000000,78231.13,78192.0,-8.22e-06
1777708800000,78220.0,78181.6,-5.103e-05
1777737600000,78487.67,78452.73851449,-2.54e-05
1777766400000,78686.84,78654.45395802,2.29e-05
1777795200000,78363.24,78316.5,-1.398e-05
1777824000000,78668.36,78627.03676124,7.03e-06
1777852800000,78568.58,78528.9,4.304e-05
1777881600000,79696.75,79663.3,-1.58e-06
1777910400000,80028.85,79981.2,-3.16e-05
1777939200000,79861.01,79826.1,-3.83e-06
1777968000000,80855.59,80823.36977536,-4.626e-05
1777996800000,81525.19,81488.7,-8.24e-05
1778025600000,80905.53,80861.9,-9.153e-05
1778054400000,81359.82,81333.3,-6.15e-05
1778083200000,81704.25,81656.9427971,-3.756e-05
1778112000000,81447.01,81396.64037069,-5.856e-05
1778140800000,81518.57,81484.05472464,-4.568e-05
1778169600000,79890.0,79860.0,-3.014e-05
1778198400000,80006.0,79969.4,-7.406e-05
1778227200000,79682.4,79644.46728986,2.415e-05
1778256000000,80142.13,80114.8,-1.542e-05
1778284800000,80193.18,80155.2,1.841e-05
1778313600000,80228.88,80182.43582759,-3.792e-05
1778342400000,80527.92,80488.4,3.645e-05
1778371200000,80678.41,80633.91052174,9e-07
1778400000000,80736.03,80697.26316667,4.626e-05
1778428800000,81418.01,81383.17274363,5.764e-05
1778457600000,82210.07,82177.7,5.798e-05
1778486400000,80740.4,80708.8,2.592e-05
1778515200000,81445.89,81405.16,4.555e-05
1778544000000,81745.66,81699.60136232,-1.15e-06
1778572800000,80865.4,80813.6676087,3.877e-05
1778601600000,80336.01,80308.46289855,5.822e-05
1778630400000,80504.47,80461.08936667,5.367e-05
1778659200000,81026.92,80984.68281109,5.437e-05
1778688000000,78827.21,78794.6,1.749e-05
1778716800000,79313.61,79288.3,3.928e-05
1778745600000,79745.99,79699.9,2.928e-05
1778774400000,81301.22,81252.74053223,4.094e-05
1778803200000,81090.0,81048.89125937,-4.239e-05
1778832000000,80814.88,80783.27976812,-1.893e-05
1778860800000,79150.26,79118.0,1.548e-05
1778889600000,79113.2,79074.0,3.938e-05
1778918400000,78369.78,78335.57299275,-2.1e-06
1778947200000,78238.68,78194.1,4.955e-05
1778976000000,78148.05,78109.17541229,4.037e-05
1779004800000,78180.0,78138.66375362,1.176e-05
1779033600000,78051.42,78007.0,4.8e-07
1779062400000,77457.67,77433.5,-1.131e-05
1779091200000,77073.69,77039.5,5.778e-05
1779120000000,76409.46,76393.5,7.178e-05
1779148800000,77001.88,76963.2,5.164e-05
1779177600000,77233.68,77200.3,4.809e-05
1779206400000,76521.24,76487.9,5.563e-05
1779235200000,76834.36,76799.9,3.254e-05
1779264000000,77282.65,77250.47589205,7.983e-05
1779292800000,77455.45,77423.0687931,6.858e-05
1779321600000,77552.24,77510.37686957,1.925e-05
1779350400000,77889.01,77849.8077971,4.003e-05
1779379200000,77259.45,77231.30769565,6.13e-05
1779408000000,77615.52,77586.2,3.564e-05
1779436800000,77408.07,77366.9,-8.2e-06
1779465600000,76790.6,76757.66071014,2.891e-05
1779494400000,75539.5,75507.4,1.783e-05
1779523200000,74609.37,74573.2,1.025e-05
1779552000000,75519.99,75490.25308696,7.441e-05
1779580800000,76752.0,76716.2135,9.044e-05
1779609600000,76799.99,76771.4,6.29e-05
1779638400000,76371.59,76343.8,6.265e-05
1779667200000,77064.96,77023.7,6.549e-05
1779696000000,77401.11,77376.9,3.527e-05
1779724800000,77628.82,77587.3,1.426e-05
1779753600000,77322.01,77281.70516492,8.058e-05
1779782400000,76730.84,76689.53406667,3.852e-05
1779811200000,76518.1,76484.29476812,5.776e-05
1779840000000,75930.01,75901.40326957,0.0001
1779868800000,75977.16,75940.84006522,8.948e-05
1779897600000,75326.02,75300.0,9.914e-05
1779926400000,74449.31,74418.0,0.0001
1779955200000,73498.0,73467.37135507,5.011e-05
1779984000000,72928.73,72906.82058696,0.0001
1780012800000,73617.52,73591.4,0.0001
1780041600000,73528.55,73488.1,5.391e-05
1780070400000,73808.25,73779.04363768,6.702e-05
1780099200000,73460.78,73428.2,3.464e-05
1780128000000,73548.6,73516.24445833,4.732e-05
1780156800000,73930.13,73892.79565217,6.214e-05
1780185600000,73884.38,73856.9,4.432e-05
1780214400000,73871.25,73833.3,5.663e-05
1780243200000,73655.2,73613.4,5.988e-05
1780272000000,73674.39,73653.56663043,5.703e-05
1780300800000,72818.0,72779.00564493,4.438e-05
1780329600000,71129.62,71103.48761594,0.0001
1780358400000,71408.9,71391.5,0.0001
1780387200000,70118.42,70082.59501449,5.99e-05
1780416000000,67304.29,67276.04778261,8.345e-05
1780444800000,66760.84,66731.44419565,7.165e-05
1780473600000,67220.03,67191.49618116,5.229e-05
1780502400000,66076.01,66044.3001087,0.0001
1780531200000,64142.75,64117.6,2.705e-05
1780560000000,63603.15,63569.71469565,1.519e-05
1780588800000,63896.16,63866.27556222,-1.077e-05
1780617600000,63885.99,63855.88516492,1.315e-05
1780646400000,63115.99,63081.0,-1.431e-05
1780675200000,60438.0,60416.4921087,-8.63e-06
1780704000000,61056.47,61029.56998551,-1.234e-05
1780732800000,61004.95,60975.1,2.675e-05
1780761600000,60784.01,60754.1,-5.11e-06
1780790400000,60884.62,60851.77008696,-2.828e-05
1780819200000,62404.72,62368.05861594,4.07e-06
1780848000000,62093.99,62071.6,2.742e-05
1780876800000,63332.01,63302.74223188,3.533e-05
1780905600000,63284.0,63259.9,3.454e-05
1780934400000,63774.48,63745.3,1.22e-06
1780963200000,63086.0,63058.0,-1.565e-05
1780992000000,63198.44,63170.8,3.041e-05
1781020800000,61131.85,61113.79051449,6.06e-06
1781049600000,61730.0,61695.29221739,3.65e-06
1781078400000,61687.56,61655.56078986,-3.385e-05
1781107200000,62639.23,62604.7,2.542e-05
1781136000000,61510.99,61485.41680435,-8.11e-06
1781164800000,62719.39,62694.44563768,2.525e-05
1781193600000,62749.44,62721.2,2.736e-05
1781222400000,63626.0,63598.0,-1.303e-05
1781251200000,63100.8,63066.4,2.446e-05
1781280000000,63593.02,63557.1,8.4e-06
1781308800000,63580.0,63546.9,5.357e-05
1781337600000,63845.99,63823.9,6e-07
1781366400000,64296.15,64265.1,9.38e-06
1781395200000,64458.01,64418.2,-4.51e-05
1781424000000,64429.39,64392.71210645,-4.657e-05
1781452800000,64025.06,63995.2,-3.265e-05
1781481600000,65746.45,65709.8,2.808e-05
1781510400000,65674.76,65642.4,6.21e-06
1781539200000,67292.15,67247.20644203,-6.079e-05
1781568000000,66328.74,66286.20815942,-4.28e-06
1781596800000,66372.0,66341.8,-1.11e-05
1781625600000,65859.76,65841.9,2.46e-06
1781654400000,65675.02,65645.03212144,1.957e-05
1781683200000,65539.51,65507.05555797,-6.685e-05
1781712000000,65751.99,65714.69323913,-2.582e-05
1781740800000,64509.4,64476.94080435,2.636e-05
1781769600000,64510.45,64472.45533333,1.896e-05
1781798400000,62369.43,62339.4,8.72e-06
1781827200000,62958.01,62924.1,6.039e-05
1781856000000,62630.0,62593.69056522,1.984e-05
1781884800000,63214.01,63193.0,2.823e-05
1781913600000,63543.9,63512.6,5.814e-05
1781942400000,63655.21,63624.9,2.633e-05
1781971200000,64160.04,64129.2,3.985e-05
1782000000000,64298.01,64275.9747971,7.78e-06
1782028800000,64191.06,64171.31875,3.034e-05
1782057600000,64224.0,64200.3,4.189e-05
1782086400000,63312.0,63287.1,6.572e-05
1782115200000,64211.2,64188.0,1.514e-05
1782144000000,64836.95,64808.0,4.813e-05
1782172800000,64020.01,63990.41186957,4.041e-05
1782201600000,62886.04,62849.2,1.655e-05
1782230400000,62487.79,62457.3,-1.889e-05
1782259200000,62734.57,62696.8,2.154e-05
1782288000000,62658.0,62630.1,2.134e-05
1782316800000,60250.0,60256.3,2.7e-07
1782345600000,61078.0,61051.2,-1.423e-05
1782374400000,61911.03,61886.7,-1.803e-05
1782403200000,59557.99,59532.8,1.58e-05
1782432000000,59794.64,59769.9,5.298e-05
1782460800000,60532.0,60501.93606522,5.904e-05
1782489600000,60328.18,60300.5,7.308e-05
1782518400000,60097.27,60072.0,5.255e-05
1782547200000,60548.06,60521.8,4.284e-05
1782576000000,60840.06,60817.3,3.742e-05
1782604800000,60029.01,60000.4,4.258e-05
1782633600000,60220.0,60192.5,1.355e-05
1782662400000,59890.35,59854.54542754,4.43e-05
1782691200000,59577.01,59550.3,3.112e-05
1782720000000,60026.01,60001.22944928,7.444e-05
1782748800000,59824.01,59800.2,8.658e-05
1782777600000,60260.2,60229.35621014,6.175e-05
1782806400000,59524.01,59498.43484058,8.349e-05
1782835200000,58382.0,58356.6362029,3.327e-05
1782864000000,58624.71,58605.5,5.532e-05
1782892800000,58768.64,58744.4,1.853e-05
1782921600000,60147.15,60120.69034783,7.073e-05
1782950400000,60024.0,59999.6,8.001e-05
1782979200000,60149.99,60126.1,5.238e-05
1783008000000,61612.93,61583.7,5.261e-05
1783036800000,61560.0,61540.74072464,0.0001
1783065600000,61750.47,61733.6,0.0001
1783094400000,61922.71,61895.7014058,3.74e-05
1783123200000,62583.26,62570.25216667,0.0001
1783152000000,62576.0,62549.3,0.0001
1783180800000,62943.29,62914.35025362,9.48e-05
1783209600000,63144.01,63114.8,9.533e-05
1783238400000,63020.21,62997.87521014,8.873e-05
1783267200000,62740.01,62712.0,8.608e-05
1783296000000,63650.01,63625.51176812,7.7e-05
1783324800000,63089.42,63064.5,6.12e-05
1783353600000,63545.98,63523.1,0.0001
1783382400000,64042.93,64023.5,0.0001
1783411200000,63083.19,63062.7,5.792e-05
1783440000000,63930.5,63909.9,6.825e-05
1783468800000,63364.0,63331.2,4.846e-05
1783497600000,62888.34,62857.18618116,7.24e-06
1783526400000,61704.01,61683.73416792,7.171e-05
1783555200000,62290.01,62257.5,6.16e-05
1783584000000,62999.99,62973.7,6.615e-05
1783612800000,62868.06,62837.77481884,4.912e-05
1783641600000,63230.01,63197.36055797,9.058e-05
1783670400000,63963.0,63956.1,7.247e-05
1783699200000,64039.99,64023.1,9.508e-05
1783728000000,64161.72,64129.4,0.0001
1783756800000,64162.18,64132.6,9.42e-06
1783785600000,64175.75,64142.50822464,4.156e-05
1783814400000,63819.01,63787.76113043,4.651e-05
1783843200000,63885.28,63856.5,6.315e-05
1783872000000,64176.0,64150.28418841,7.578e-05
1783900800000,63780.0,63750.0,1.521e-05
1783929600000,62985.53,62952.8,4.856e-05
1783958400000,62618.0,62603.79932609,0.0001
1783987200000,62334.52,62307.0,8.256e-05
1784016000000,62560.92,62529.7,3.489e-05
1784044800000,64744.0,64727.5,5.59e-05
1784073600000,65043.99,65017.64591304,0.0001
1784102400000,64549.33,64530.40087681,0.0001
1784131200000,65427.6,65392.88324638,4.457e-05
1784160000000,64756.28,64722.22011994,2.426e-05
1784188800000,64238.0,64204.4981934,7.584e-05
1784217600000,64704.73,64677.7,6.102e-05
1784246400000,63830.2,63803.90949275,7.639e-05
1784275200000,62828.11,62792.8,1.52e-05
1784304000000,63452.0,63432.5,6.045e-05
1784332800000,63931.67,63910.0,3.074e-05
1784361600000,64002.75,63987.03769565,6.955e-05
1784390400000,64123.13,64090.0,3.326e-05
1784419200000,64834.21,64806.7,4.06e-06
1784448000000,64711.04,64692.2,6.905e-05
1784476800000,64585.33,64552.28368841,5.235e-05
1784505600000,64722.55,64694.8,4.89e-05
1784534400000,64280.01,64250.0,5.278e-05
1784563200000,65598.75,65573.71997826,6.518e-05
1784592000000,65255.51,65227.1712971,5.4e-05
1784620800000,66186.86,66168.77917391,8.926e-05
1784649600000,66676.53,66648.5,1.894e-05
1784678400000,66556.15,66522.4,3.928e-05
1784707200000,65843.48,65813.4,5.448e-05
1784736000000,66047.38,66016.32605797,1.443e-05
1784764800000,66114.5,66084.47942754,-3.43e-06
1784793600000,65442.12,65405.48600725,2.71e-06
1784822400000,64958.37,64940.4,8.458e-05
1784851200000,65098.98,65069.66,7.598e-05
1784880000000,65499.94,65470.0,5.149e-05
1784908800000,64093.86,64068.7,5.879e-05
1784937600000,64140.0,64116.5,6.074e-05
1784966400000,64003.2,63973.15203623,5.425e-05
1784995200000,64182.01,64150.04885307,7.29e-06
1785024000000,64375.01,64343.2316087,3.878e-05
1785052800000,64370.0,64342.45993478,5.884e-05
1785081600000,64768.0,64733.6,5.819e-05
1785110400000,65400.0,65375.1,6.147e-05
1785139200000,65221.99,65196.20985507,6.452e-05
1785168000000,64554.0,64519.25484058,5.04e-05
1785196800000,63755.86,63721.92718141,4.208e-05
1785225600000,63506.0,63476.8,1.25e-06
1785254400000,63928.46,63903.52981159,6.689e-05
1785283200000,63915.0,63903.6,0.0001
1785312000000,64561.01,64534.35597101,0.0001
1785340800000,63964.01,63950.19280435,3.665e-05
1785369600000,63984.29,63959.0,8.462e-05
1785398400000,64026.0,63984.1822971,7.278e-05
1785427200000,64730.29,64698.14499275,9.029e-05
1785456000000,64780.03,64750.50672464,0.0001
1785484800000,63950.01,63912.4794058,9.405e-05
1785513600000,62716.57,62696.71869565,5.664e-05
1785542400000,62887.88,62859.9,4.123e-05
1785571200000,63050.45,63019.6,3.163e-05
1785600000000,63007.06,62976.4,3.545e-05
1785628800000,62823.65,62792.3,4.53e-05
1785657600000,63506.23,63468.1,8.943e-05
1785686400000,63109.13,63081.6,7.707e-05
1785715200000,63570.01,63549.9,0.0001
1785744000000,62621.1,62591.0,6.364e-05
1785772800000,63694.9,63664.89705072,2.474e-05
1785801600000,63520.0,63497.2,3.081e-05
1785830400000,63685.73,63666.4,6.248e-05
1785859200000,64125.14,64093.5449058,7.684e-05
1785888000000,64106.55,64075.5,1.674e-05
1785916800000,64164.0,64141.0,1.015e-05
1785945600000,64388.01,64353.5,2.676e-05
1785974400000,64665.24,64633.9,6.595e-05
1786003200000,64809.7,64789.4,2.632e-05
1786032000000,64631.88,64604.2,5.939e-05
1786060800000,64323.61,64300.0,7.99e-06
1786089600000,64319.84,64290.58485507,4.574e-05
1786118400000,64912.71,64885.5,6.308e-05
1786147200000,64923.2,64885.44786232,5.557e-05
1786176000000,64959.99,64936.3,5.417e-05
1786204800000,65080.83,65049.72578986,5.801e-05
1786233600000,64962.6,64928.89433333,4.423e-05
1786262400000,64826.15,64793.7,6.667e-05
1786291200000,65228.68,65207.7,7.054e-05
1786320000000,64901.59,64869.50227536,7.497e-05
1786348800000,65202.72,65183.48407971,7.908e-05
1786377600000,64299.99,64272.42528261,5.057e-05
1786406400000,63970.01,63939.2,2.301e-05
1786435200000,64066.0,64033.28871739,1.962e-05
1786464000000,63609.86,63585.5567971,8.282e-05
1786492800000,63600.01,63572.0,0.0001
1786521600000,63838.0,63810.89568841,8.568e-05
1786550400000,63441.48,63422.43823913,6.601e-05
1786579200000,63479.99,63454.7,6.576e-05
1786608000000,63865.84,63833.46161594,7.218e-05
1786636800000,63420.01,63387.03971514,7.841e-05
1786665600000,63490.86,63455.99486957,8.545e-05
1786694400000,62920.78,62888.1,5.999e-05
1786723200000,62990.94,62961.99943478,6.29e-06
1786752000000,63043.56,63015.07685507,6.801e-05
1786780800000,63075.43,63050.01692754,6.523e-05
1786809600000,63100.55,63068.06537681,5.311e-05
1786838400000,63086.01,63053.96633333,9.66e-06
1786867200000,63061.03,63034.83995833,1.839e-05
1786896000000,63146.39,63114.26984783,5e-05
1786924800000,62900.0,62876.0,3.818e-05
1786953600000,63514.45,63495.97863568,7.131e-05
1786982400000,64200.0,64169.8,9.202e-05
1787011200000,64532.11,64504.1,5.164e-05
1787040000000,64198.97,64171.00199275,5.02e-05
1787068800000,64855.06,64823.8,3.65e-05
1787097600000,64725.42,64694.0,1.617e-05
1787126400000,64296.01,64267.18334783,3.815e-05
1787155200000,68554.0,68544.29486232,0.0001
1787184000000,69334.78,69320.7806087,9.655e-05
1787212800000,69816.45,69820.2427961,0.0001
1787241600000,72470.84,72432.47980435,9.422e-05
1787270400000,73027.02,72998.7,4.964e-05
1787299200000,76308.66,76319.02847826,5.814e-05
1787328000000,77221.98,77221.90043478,0.0001
1787356800000,78338.03,78309.0,0.0001
1787385600000,77289.18,77286.7,0.0001
1787414400000,76978.83,76995.16521739,0.0001
1787443200000,77074.94,77084.01150675,0.0001
1787472000000,76007.12,76015.82505072,0.0001
1787500800000,77156.14,77128.59832084,0.0001
1787529600000,77734.0,77710.8,0.0001
1787558400000,77307.14,77292.21472264,0.0001
1787587200000,79100.01,79065.6,0.0001
1787616000000,78992.76,78953.0,5.818e-05
1787644800000,79705.79,79668.15473913,0.0001
1787673600000,79502.01,79464.07655072,0.0001
1787702400000,78539.13,78505.4,7.734e-05
1787731200000,78925.57,78888.36194203,5.927e-05
1787760000000,78011.64,77980.6,7.091e-05
1787788800000,79023.75,78994.90523913,4.595e-05
1787817600000,79082.18,79059.04402899,0.0001
1787846400000,80302.32,80273.6,6.331e-05
1787875200000,80249.59,80209.5600942,6.578e-05
1787904000000,79660.0,79645.6,0.0001
1787932800000,78331.13,78308.9,5.913e-05
1787961600000,77845.88,77806.12043478,0.0001
1787990400000,77626.01,77597.93110145,0.0001
1788019200000,77865.36,77826.43323913,0.0001
1788048000000,78230.0,78201.64952174,8.283e-05
1788076800000,78118.0,78081.33333333,0.0001
1788105600000,78823.62,78791.2,7.058e-05
