prefilter_rank	prefilter_score	donor_im	target_im	donor_domain	target_domain	cosine	primitive_jaccard	source_concept_jaccard	donor_primitive	target_primitive	donor_sources	target_sources	donor_shell	target_shell	donor_role	donor_guarantee	screen_reason	manual_status	manual_note	value_first_status	value_first_note
1	6.085011148970846	IM-206	IM-220	M	P	0.097148682470916	0.0909090909090909	0.0	INFER LONG-TIME BEHAVIOR FROM TRANSFORM BEHAVIOR NEAR A BOUNDARY/LOW FREQUENCY	INFER AN EQUILIBRIUM STATE DIFFERENCE FROM NONEQUILIBRIUM DRIVEN TRAJECTORIES	M-125; M-126	P-126; P-127	M-125: Regularity assumptions; M-126: Summability structure	P-126: Initial equilibrium; P-127: Microscopic reversibility	passive inference/diagnostic	bound;local	cross-domain; moderate semantic bridge; donor operator/certificate bonus; same-theory lexical penalty	DEMOTE_DIRECT_THEORY	Jarzynski/exponential-work convergence and rare-tail/sample-size behavior already studied; Tauberian wording does not create a new operator.	DEMOTE_DIRECT_THEORY	Previous status retained unless maturity/prior-art was the only reason for demotion.
2	6.035072089329423	IM-311	IM-233	S	M	0.0834793421082573	0.0	0.0	MANY SIGNALS CAN BE INDIVIDUALLY UNDETECTABLE YET COLLECTIVELY DETECTABLE THROUGH A SMALL GLOBAL DISTORTION OF NULL	TWO UNKNOWN LAYERS CAN SOMETIMES BE RECOVERED JOINTLY IF THEY OBEY DIFFERENT STRUCTURAL CONSTRAINTS	S-174	M-174	S-174:Rare/weak regime	M-174:Identifiability constraints	passive inference/diagnostic	certificate/exact	cross-domain; moderate semantic bridge; donor operator/certificate bonus; same-theory lexical penalty	PROMOTED_RX201_BENCHMARKED	Promoted as RX-201. Survives empirical-null rare/weak, strong-single, dense, exact-null, and blind-deconvolution scale/time-shift symmetry controls. Naive unquotiented shift-equivalent factorization falsely rejects ~100%, so symmetry quotient is a mandatory hard gate. Product 4/5 provisional.	ALREADY_PROMOTED_VALIDATED_RX201	Previous status retained unless maturity/prior-art was the only reason for demotion.
3	5.921885526554121	IM-206	IM-219	M	P	0.0816788431212063	0.0	0.1111111111111111	INFER LONG-TIME BEHAVIOR FROM TRANSFORM BEHAVIOR NEAR A BOUNDARY/LOW FREQUENCY	A SYSTEM’S ARROW OF TIME CAN BE VISIBLE IN FORWARD/REVERSE PATH PROBABILITIES EVEN WHEN MACRO STATE IS STATIONARY	M-125; M-126	P-121; P-124; P-125	M-125: Regularity assumptions; M-126: Summability structure	P-121: Nonequilibrium drive; P-124: Stochastic thermodynamics; P-125: Nonequilibrium path probabilities	passive inference/diagnostic	bound;local	cross-domain; moderate semantic bridge; donor operator/certificate bonus; same-theory lexical penalty	DEMOTE_WEAK_BRIDGE	Transform-boundary asymptotics and path-arrow/entropy production are both mature; proposed connection lacks a receiving-domain missing operator.	DEMOTE_WEAK_BRIDGE	Previous status retained unless maturity/prior-art was the only reason for demotion.
4	5.834460329984157	IM-280	IM-182	S	M	0.1105225177728069	0.0588235294117647	0.0	UNCERTAINTY WIDTH ITSELF CAN BE A FEEDBACK CONTROL VARIABLE USED TO RESTORE A COVERAGE TARGET	DIRECT CONTROL/NOISE DIRECTIONS CAN BE FEW WHILE ORDERED DYNAMICAL COMPOSITIONS GENERATE MANY MORE DIRECTIONS	S-390	M-388; M-389; M-390	S-390:Online feedback	M-388: Lie-bracket spanning; M-389: Noncommuting vector fields; M-390: Bracket-generating controls	active control/decision	none-explicit	cross-domain; moderate semantic bridge; donor operator/certificate bonus; same-theory lexical penalty	QUARANTINE_WEAK_BRIDGE	Coverage-width feedback and Lie-generated reachability do not form a clear causal/operator composition.	QUARANTINE_WEAK_BRIDGE	Previous status retained unless maturity/prior-art was the only reason for demotion.
5	5.828090672598793	IM-088	IM-247	P	M	0.1171338994308266	0.1111111111111111	0.0	BOUNDARY IS NOT FIXED; STATE INCLUDES WHERE BOUNDARY IS	BOUNDARY INFLUENCE IS SET BY DYNAMICAL/GEOMETRIC ACCESSIBILITY, NOT RAW BOUNDARY SIZE	P-355	M-645; M-648	P-355:Moving phase boundary	M-645:Domain geometry | M-648:Fine boundary geometry	mechanism/structural	bound	cross-domain; moderate semantic bridge; donor operator/certificate bonus; same-theory lexical penalty	PROMOTED_RX200_CHILD	Moving-boundary state + harmonic accessibility is coherent; promoted only with target sensing as RX-200 and benchmarked as an extension.	ALREADY_PROMOTED_VALIDATED_RX200	Previous status retained unless maturity/prior-art was the only reason for demotion.
6	5.828090672598793	IM-247	IM-088	M	P	0.1171338994308266	0.1111111111111111	0.0	BOUNDARY INFLUENCE IS SET BY DYNAMICAL/GEOMETRIC ACCESSIBILITY, NOT RAW BOUNDARY SIZE	BOUNDARY IS NOT FIXED; STATE INCLUDES WHERE BOUNDARY IS	M-645; M-648	P-355	M-645:Domain geometry | M-648:Fine boundary geometry	P-355:Moving phase boundary	mechanism/structural	bound	cross-domain; moderate semantic bridge; donor operator/certificate bonus; same-theory lexical penalty	DEMOTE_DIRECTIONAL_DUPLICATE	Reverse direction of the RX-200 ingredients; no distinct operator.	DEMOTE_DIRECTIONAL_DUPLICATE	Previous status retained unless maturity/prior-art was the only reason for demotion.
7	5.737489741976738	IM-170	IM-282	P	E	0.0951597165397025	0.0	0.0	SUCCESS DEPENDS ON COMPLETING TRANSPORT/REACTION BEFORE A FINITE LIFETIME OR RESIDENCE CLOCK EXPIRES	NOMINAL COMMITMENTS CAN EXCEED PHYSICAL CAPACITY WHEN ONLY A RANDOM SUBSET MATERIALIZES — AT COST OF OVERFLOW RISK	P-465; P-466	E-465; E-466	P-465: Reaction vs transport times; P-466: Timescale ratio	E-465:No-show uncertainty | E-466:Random show-up	active control/decision	none-explicit	cross-domain; moderate semantic bridge; donor operator/certificate bonus; same-theory lexical penalty	DEMOTE_PRIOR_ART	Overbooking with no-shows, stochastic service times, sequential delivery and overtime is already mature operations research.	REOPEN_HIGH_VALUE_APPLIED	Operations/capacity losses can be large; maturity is not a reason to discard. Need concrete deployment benchmark.
8	5.726779623231293	IM-206	IM-147	M	P	0.0896418877303972	0.1	0.0	INFER LONG-TIME BEHAVIOR FROM TRANSFORM BEHAVIOR NEAR A BOUNDARY/LOW FREQUENCY	A VANISHINGLY SMALL SUBSET CAN DOMINATE LONG-TIME OR AGGREGATE BEHAVIOR	M-125; M-126	P-154	M-125: Regularity assumptions; M-126: Summability structure	P-154:Disorder/extreme heterogeneity	passive inference/diagnostic	bound;local	cross-domain; moderate semantic bridge; donor operator/certificate bonus; same-theory lexical penalty	DEMOTE_DIRECT_THEORY	Long-time asymptotics dominated by rare regions/tails is classical asymptotic/statistical-physics territory.	DEMOTE_DIRECT_THEORY	Previous status retained unless maturity/prior-art was the only reason for demotion.
9	5.684460329984157	IM-182	IM-280	M	S	0.1105225177728069	0.0588235294117647	0.0	DIRECT CONTROL/NOISE DIRECTIONS CAN BE FEW WHILE ORDERED DYNAMICAL COMPOSITIONS GENERATE MANY MORE DIRECTIONS	UNCERTAINTY WIDTH ITSELF CAN BE A FEEDBACK CONTROL VARIABLE USED TO RESTORE A COVERAGE TARGET	M-388; M-389; M-390	S-390	M-388: Lie-bracket spanning; M-389: Noncommuting vector fields; M-390: Bracket-generating controls	S-390:Online feedback	active control/decision	none-explicit	cross-domain; moderate semantic bridge; donor operator/certificate bonus; same-theory lexical penalty	QUARANTINE_WEAK_BRIDGE	Lie reachability does not naturally supply a coverage-width feedback law.	QUARANTINE_WEAK_BRIDGE	Previous status retained unless maturity/prior-art was the only reason for demotion.
10	5.669647928649976	IM-181	IM-088	M	P	0.075013040702007	0.0833333333333333	0.1666666666666666	INTERROGATE AN INACCESSIBLE INTERIOR THROUGH CONTROLLED BOUNDARY INPUTS AND BOUNDARY RESPONSES	BOUNDARY IS NOT FIXED; STATE INCLUDES WHERE BOUNDARY IS	M-431; M-432	P-355	M-431: PDE boundary access; M-432: Elliptic PDE	P-355:Moving phase boundary	active control/decision	bound	cross-domain; moderate semantic bridge; donor operator/certificate bonus; same-theory lexical penalty	DEMOTE_PRIOR_ART	Moving-boundary inverse/identification and boundary interrogation are established inverse-PDE problems.	DEMOTE_PRIOR_ART	Previous status retained unless maturity/prior-art was the only reason for demotion.
11	5.581064159118864	IM-236	IM-278	S	M	0.1014457657120892	0.1666666666666666	0.0	ITERATIVE SELF-FEEDBACK CREATES CORRELATED RESIDUALS; ADD A CORRECTION THAT CANCELS MEMORY OF PREVIOUS ITERATION	ALTERNATING LOCAL CORRECTIONS MAY NEED A MEMORY OF PREVIOUS CORRECTION ERROR TO CONVERGE TO RIGHT GLOBAL OBJECT	S-911; S-912	M-159	S-911:Random high-dimensional design | S-912:AMP	M-159:Convex sets	mechanism/structural	certificate/exact	cross-domain; moderate semantic bridge; donor operator/certificate bonus; same-theory lexical penalty	DEMOTE_SAME_MECHANISM	Both sides are iterative correction-memory/self-feedback machinery; too close to be a cross-domain missing operator.	DEMOTE_SAME_MECHANISM	Previous status retained unless maturity/prior-art was the only reason for demotion.
12	5.576079521403543	IM-206	IM-107	M	S	0.0499834266978087	0.0	0.0	INFER LONG-TIME BEHAVIOR FROM TRANSFORM BEHAVIOR NEAR A BOUNDARY/LOW FREQUENCY	WHEN DATA DO NOT POINT-IDENTIFY, CORRECT ANSWER MAY BE LARGE/DISCONNECTED/UNBOUNDED SET	M-125; M-126	S-131; S-136; S-447	M-125: Regularity assumptions; M-126: Summability structure	S-131:Weak assumptions | S-136:Partial identification | S-447:Weak/nonidentification	passive inference/diagnostic	bound;local	cross-domain; moderate semantic bridge; donor operator/certificate bonus; same-theory lexical penalty	QUARANTINE_WEAK_BRIDGE	Tauberian asymptotics does not by itself resolve set-valued partial identification.	QUARANTINE_WEAK_BRIDGE	Previous status retained unless maturity/prior-art was the only reason for demotion.
13	5.566290724475917	IM-121	IM-112	S	M	0.0934832419598785	0.0	0.0	DESIGN EVIDENCE OBJECT TO REMAIN VALID UNDER DATA-DEPENDENT STOPPING	REGULARIZATION/MAX-ENT SELECTS REPRESENTATIVE; DOES NOT IDENTIFY TRUTH	S-089; S-227; S-395	M-088; M-089; M-227	S-089:Sequentially valid evidence | S-227:Sequential validity | S-395:E-values/test martingales	M-088:Bias introduced deliberately | M-089:Inverse problem | M-227:Moment/support constraints	active control/decision	none-explicit	cross-domain; moderate semantic bridge; donor operator/certificate bonus; same-theory lexical penalty	HOLD_APPLIED	Anytime-valid evidence along an adaptive regularization path is coherent, but sequential/early-stopping inference literature is close; needs a target-specific benchmark.	REOPEN_APPLIED	Anytime-valid adaptive regularization can matter in online model-selection pipelines; benchmark decision/cost value.
14	5.538525968411918	IM-206	IM-303	M	P	0.0471559779403521	0.0	0.0	INFER LONG-TIME BEHAVIOR FROM TRANSFORM BEHAVIOR NEAR A BOUNDARY/LOW FREQUENCY	A MACRO TRANSPORT COEFFICIENT CAN BE RECOVERED FROM TIME-INTEGRATED MEMORY OF MICROSCOPIC SPONTANEOUS CURRENTS	M-125; M-126	P-104	M-125: Regularity assumptions; M-126: Summability structure	P-104:Equilibrium statistical mechanics	passive inference/diagnostic	bound;local	cross-domain; moderate semantic bridge; donor operator/certificate bonus; same-theory lexical penalty	DEMOTE_DIRECT_THEORY	Transform/time-integral relations for transport coefficients are direct mathematical-physics machinery.	DEMOTE_DIRECT_THEORY	Previous status retained unless maturity/prior-art was the only reason for demotion.
15	5.520055485036063	IM-076	IM-081	M	E	0.1108279647849638	0.0	0.0	FAILURE TO FIND SOLUTION ≠ PROOF NONE EXISTS; SOME FAILURES HAVE SHORT WITNESS	PROXY USEFUL UNTIL DIRECT EVIDENCE ARRIVES; WEIGHT SHOULD FALL	M-523; M-524	E-523; E-524	M-523:Linear alternatives | M-524:Linear/conic feasibility	E-523:Repeated employment | E-524:Employer learning	mechanism/structural	certificate/exact	cross-domain; moderate semantic bridge; donor operator/certificate bonus; same-theory lexical penalty	DEMOTE_PRIOR_ART	Employer learning already precision-weights accumulating productivity signals; absence/quality of signals affects learning speed. Farkas analogy adds little novelty.	REOPEN_HIGH_VALUE_APPLIED	Signal-quality learning can affect employee/credit/vendor decisions; commercial value can be large even if theory is known.
16	5.500628354019545	IM-088	IM-227	P	M	0.0948792387356406	0.1666666666666666	0.0	BOUNDARY IS NOT FIXED; STATE INCLUDES WHERE BOUNDARY IS	ORDINARY CLOCK TIME AND ACCUMULATED CONTACT/VISIT TIME AT A BOUNDARY ARE DIFFERENT STATE VARIABLES	P-355	M-317	P-355:Moving phase boundary	M-317:Continuous semimartingale	mechanism/structural	bound	cross-domain; moderate semantic bridge; donor operator/certificate bonus; same-theory lexical penalty	DEMOTE_DIRECT_THEORY	Moving boundary plus boundary local/contact time is a natural stochastic moving-domain state, not a distinct product operator.	DEMOTE_DIRECT_THEORY	Previous status retained unless maturity/prior-art was the only reason for demotion.
17	5.500628354019545	IM-227	IM-088	M	P	0.0948792387356406	0.1666666666666666	0.0	ORDINARY CLOCK TIME AND ACCUMULATED CONTACT/VISIT TIME AT A BOUNDARY ARE DIFFERENT STATE VARIABLES	BOUNDARY IS NOT FIXED; STATE INCLUDES WHERE BOUNDARY IS	M-317	P-355	M-317:Continuous semimartingale	P-355:Moving phase boundary	mechanism/structural	bound	cross-domain; moderate semantic bridge; donor operator/certificate bonus; same-theory lexical penalty	DEMOTE_DIRECT_THEORY	Same as rank 16 in reverse.	DEMOTE_DIRECT_THEORY	Previous status retained unless maturity/prior-art was the only reason for demotion.
18	5.497243675724764	IM-196	IM-066	M	S	0.0440055922470384	0.0	0.0	RECOVERY CAN HAVE A SHARP COMPLEXITY–MEASUREMENT GEOMETRY BOUNDARY	SAME OBSERVED DATA + DIFFERENT DATA-GENERATING DESIGN → DIFFERENT VALID INFERENCE	M-279; M-280	S-750; S-754; S-760	M-279: Sparsity + measurement geometry; M-280: Sparse signal class	S-750:Design-aware inference | S-754:Known assignment mechanism | S-760:Experimental design	passive inference/diagnostic	bound	cross-domain; moderate semantic bridge; donor operator/certificate bonus; same-theory lexical penalty	DEMOTE_PRIOR_ART	Compressed-sensing recoverability is explicitly design/measurement-geometry dependent.	REOPEN_HIGH_VALUE_APPLIED	Measurement geometry/recoverability can save sensor/inspection cost; test against naive sensor design.
19	5.483016301714594	IM-311	IM-257	S	M	0.0542126388300454	0.0	0.0	MANY SIGNALS CAN BE INDIVIDUALLY UNDETECTABLE YET COLLECTIVELY DETECTABLE THROUGH A SMALL GLOBAL DISTORTION OF NULL	FOR A FIXED ERROR TOLERANCE THERE CAN BE A MINIMUM INFORMATION/REPRESENTATION BUDGET	S-174	M-226	S-174:Rare/weak regime	M-226:Distortion metric	passive inference/diagnostic	certificate/exact	cross-domain; moderate semantic bridge; donor operator/certificate bonus; same-theory lexical penalty	HOLD_DEEP_RESEARCH	Rare/weak collective detectability versus information budget could define a detection-before-compression gate, but current hypothesis is underspecified.	HOLD_HIGH_UPSIDE	Detection-before-compression may matter where weak distributed signals are lost by representation budgets.
20	5.469140221979468	IM-225	IM-193	M	S	0.0605123055237103	0.0	0.0	DEPENDENT SEQUENTIAL DATA CAN STILL HAVE SHARP DEVIATION GUARANTEES IF SURPRISES AND PREDICTABLE VARIANCE ARE CONTROLLED	RESETTING THE CLOCK AFTER EACH EVENT AND USING ONE GLOBAL CLOCK ARE DIFFERENT MODELS	M-311; M-313	S-312; S-313	M-311:Martingale difference structure | M-313:Martingale variance process	S-312: Renewal-like recurrence; S-313: Global-time effects	active control/decision	certificate/exact	cross-domain; moderate semantic bridge; donor operator/certificate bonus; same-theory lexical penalty	DEMOTE_DIRECT_THEORY	Counting-process/event-clock martingales and event-time versus calendar-time analysis are standard.	DEMOTE_DIRECT_THEORY	Previous status retained unless maturity/prior-art was the only reason for demotion.
21	5.461337716959918	IM-196	IM-088	M	P	0.0518673491391651	0.1	0.0	RECOVERY CAN HAVE A SHARP COMPLEXITY–MEASUREMENT GEOMETRY BOUNDARY	BOUNDARY IS NOT FIXED; STATE INCLUDES WHERE BOUNDARY IS	M-279; M-280	P-355	M-279: Sparsity + measurement geometry; M-280: Sparse signal class	P-355:Moving phase boundary	passive inference/diagnostic	bound	cross-domain; moderate semantic bridge; donor operator/certificate bonus; same-theory lexical penalty	QUARANTINE_WEAK_BRIDGE	Compressed-sensing phase transition and moving boundary have no clear shared operator.	QUARANTINE_WEAK_BRIDGE	Previous status retained unless maturity/prior-art was the only reason for demotion.
22	5.441000834610524	IM-196	IM-107	M	S	0.0396290371973371	0.0	0.0	RECOVERY CAN HAVE A SHARP COMPLEXITY–MEASUREMENT GEOMETRY BOUNDARY	WHEN DATA DO NOT POINT-IDENTIFY, CORRECT ANSWER MAY BE LARGE/DISCONNECTED/UNBOUNDED SET	M-279; M-280	S-131; S-136; S-447	M-279: Sparsity + measurement geometry; M-280: Sparse signal class	S-131:Weak assumptions | S-136:Partial identification | S-447:Weak/nonidentification	passive inference/diagnostic	bound	cross-domain; moderate semantic bridge; donor operator/certificate bonus; same-theory lexical penalty	HOLD_WEAK	Recoverability phase transition may help classify partial-ID regime, but bridge needs a concrete decision/measurement operator.	HOLD_WEAK	Previous status retained unless maturity/prior-art was the only reason for demotion.
23	5.439354967550758	IM-225	IM-210	M	S	0.0394993135691147	0.0	0.0	DEPENDENT SEQUENTIAL DATA CAN STILL HAVE SHARP DEVIATION GUARANTEES IF SURPRISES AND PREDICTABLE VARIANCE ARE CONTROLLED	FUTURE DATA CAN CHANGE YOUR BEST ESTIMATE OF THE PAST; ONLINE AND OFFLINE STATE ESTIMATES ARE DIFFERENT	M-311; M-313	S-106; S-107	M-311:Martingale difference structure | M-313:Martingale variance process	S-106: Offline/two-sided information; S-107: Delay/latency tradeoff	active control/decision	certificate/exact	cross-domain; moderate semantic bridge; donor operator/certificate bonus; same-theory lexical penalty	DEMOTE_PRIOR_ART	Sequential testing/SPRT for HMMs and initial distributions is established; retrospective hidden-state evidence is close to direct prior art.	REOPEN_HIGH_VALUE_APPLIED	Sequential hidden-state detection is useful in monitoring if delay/false-alarm tradeoff improves.
24	5.439114897581211	IM-227	IM-414	M	P	0.1035492995257578	0.0	0.0	ORDINARY CLOCK TIME AND ACCUMULATED CONTACT/VISIT TIME AT A BOUNDARY ARE DIFFERENT STATE VARIABLES	MANY SCATTERING EVENTS DO NOT GUARANTEE DIRECTIONAL MEMORY LOSS WHEN EACH EVENT IS STRONGLY FORWARD-BIASED	M-317	P-588;P-589;P-593	M-317:Continuous semimartingale	see canonical 4000-record inventory	mechanism/structural	bound	cross-domain; moderate semantic bridge; donor operator/certificate bonus; same-theory lexical penalty	QUARANTINE_WEAK_BRIDGE	Boundary local time and directional-memory scattering do not yield a clear transfer product.	QUARANTINE_WEAK_BRIDGE	Previous status retained unless maturity/prior-art was the only reason for demotion.
25	5.432607566942819	IM-210	IM-292	S	P	0.0908596128397061	0.0	0.0	FUTURE DATA CAN CHANGE YOUR BEST ESTIMATE OF THE PAST; ONLINE AND OFFLINE STATE ESTIMATES ARE DIFFERENT	ELIMINATING HIDDEN DYNAMIC VARIABLES CAN TURN A MARKOV/LOCAL SYSTEM INTO MEMORY + COLORED NOISE	S-106; S-107	P-105; P-106; P-107	S-106: Offline/two-sided information; S-107: Delay/latency tradeoff	P-105:Projection formalism | P-106:Chosen relevant subspace | P-107:Exact projected dynamics	passive inference/diagnostic	none-explicit	cross-domain; moderate semantic bridge; donor operator/certificate bonus; same-theory lexical penalty	DEMOTE_EXISTING_CORE	Smoothing plus hidden-variable memory collapses into standard state-space smoothing and the existing MemoryKernelClosure family.	DEMOTE_EXISTING_CORE	Previous status retained unless maturity/prior-art was the only reason for demotion.
26	5.425696402810946	IM-311	IM-279	S	M	0.0384188481377937	0.0	0.0	MANY SIGNALS CAN BE INDIVIDUALLY UNDETECTABLE YET COLLECTIVELY DETECTABLE THROUGH A SMALL GLOBAL DISTORTION OF NULL	SOLVE LARGE COUPLED PROBLEMS LOCALLY, THEN USE A SHADOW-PRICE/CONSENSUS SIGNAL TO FORCE AGREEMENT	S-174	M-160	S-174:Rare/weak regime	M-160:Separable convex structure	passive inference/diagnostic	certificate/exact	cross-domain; moderate semantic bridge; donor operator/certificate bonus; same-theory lexical penalty	QUARANTINE_WEAK_BRIDGE	Higher criticism does not naturally supply ADMM/consensus decomposition.	QUARANTINE_WEAK_BRIDGE	Previous status retained unless maturity/prior-art was the only reason for demotion.
27	5.406099278476457	IM-249	IM-088	M	P	0.0452741677529427	0.0769230769230769	0.0	REPLACE AN INACCESSIBLE INTERIOR SOURCE BY A BOUNDARY-EQUIVALENT SOURCE THAT PRESERVES EXTERNAL OBSERVABLES	BOUNDARY IS NOT FIXED; STATE INCLUDES WHERE BOUNDARY IS	M-655	P-355	M-655:Potential equivalence	P-355:Moving phase boundary	passive inference/diagnostic	bound	cross-domain; moderate semantic bridge; donor operator/certificate bonus; same-theory lexical penalty	DEMOTE_PRIOR_ART	Boundary-equivalent sources for moving-boundary inverse problems are established PDE reduction ideas.	DEMOTE_PRIOR_ART	Previous status retained unless maturity/prior-art was the only reason for demotion.
28	5.4041164333460925	IM-227	IM-193	M	S	0.1036929981968478	0.1333333333333333	0.0	ORDINARY CLOCK TIME AND ACCUMULATED CONTACT/VISIT TIME AT A BOUNDARY ARE DIFFERENT STATE VARIABLES	RESETTING THE CLOCK AFTER EACH EVENT AND USING ONE GLOBAL CLOCK ARE DIFFERENT MODELS	M-317	S-312; S-313	M-317:Continuous semimartingale	S-312: Renewal-like recurrence; S-313: Global-time effects	mechanism/structural	bound	cross-domain; moderate semantic bridge; donor operator/certificate bonus; same-theory lexical penalty	DEMOTE_DIRECT_THEORY	Gap-time/calendar-time and local/contact-time clocks are already explicit time-change concepts.	DEMOTE_DIRECT_THEORY	Previous status retained unless maturity/prior-art was the only reason for demotion.
29	5.390868214447549	IM-173	IM-343	M	S	0.0693141842455998	0.0	0.0	A HARD COMBINATORIAL BOTTLENECK CAN SOMETIMES BE BOUNDED BY AN EASIER SPECTRAL SURROGATE	A VARIABLE KNOWN NOT TO LIE ON THE TARGET CAUSAL PATH CAN STILL BE USED TO EXPOSE OR BRIDGE HIDDEN CONFOUNDING	M-351; M-352; M-353	S-349; S-350; S-351; S-352	M-351: Weighted graph; M-352: Connected graph; M-353: Graph geometry	S-349:Known causal null | S-350:Known causal null | S-351:Completeness/proxy conditions | S-352:Integral-equation identification	mechanism/structural	bound	cross-domain; moderate semantic bridge; donor operator/certificate bonus; same-theory lexical penalty	QUARANTINE_WEAK_BRIDGE	Spectral graph bottleneck bounds do not naturally produce a causal negative-control operator.	QUARANTINE_WEAK_BRIDGE	Previous status retained unless maturity/prior-art was the only reason for demotion.
30	5.3869736076511066	IM-241	IM-197	M	P	0.1033651823044399	0.0	0.0	SPARSE LOCAL MESSAGES CAN RECOVER A GLOBAL BELIEF/CONSISTENCY STATE — BUT LOOPS CHANGE THE VALIDITY CONTRACT	TRANSITION/DECAY RATE DEPENDS ON AVAILABLE FINAL STATES IN THE ENVIRONMENT, NOT ONLY ON THE SOURCE	M-269; M-270	P-269; P-270	M-269:Sparse factor graph | M-270:Tree exact; loopy approximate	P-269: Structured environment; P-270: Density-of-states engineering	mechanism/structural	local	cross-domain; moderate semantic bridge; donor operator/certificate bonus; same-theory lexical penalty	QUARANTINE_WEAK_BRIDGE	Belief propagation and environmental density-of-states bottlenecks share sparse-message language but not an actionable mechanism.	QUARANTINE_WEAK_BRIDGE	Previous status retained unless maturity/prior-art was the only reason for demotion.
31	5.378580627551629	IM-325	IM-190	M	S	0.0346339910027752	0.0	0.0	MONOTONE POLICY RESPONSE CAN BE CERTIFIED FROM COMPLEMENTARITY/ORDER STRUCTURE WITHOUT RESOLVING EVERY PARAMETER VALUE	WHEN YOU CHOOSE TO LOOK CAN ITSELF REVEAL INFORMATION ABOUT THE HIDDEN STATE	M-866; M-867; M-869; M-874; M-880	S-874; S-875	M-866:Complementary coordinates | M-867:Ordered action × parameter | M-869:Lattice optimization | M-874:Set-valued optimization | M-880:Nondifferentiable/discrete optimization	S-874: Irregular follow-up; S-875: Inspection process	active control/decision	certificate/exact	cross-domain; moderate semantic bridge; donor operator/certificate bonus; same-theory lexical penalty	QUARANTINE_WEAK_BRIDGE	Monotone comparative statics does not directly solve informative observation timing.	QUARANTINE_WEAK_BRIDGE	Previous status retained unless maturity/prior-art was the only reason for demotion.
32	5.376056015375539	IM-225	IM-212	M	S	0.0418513163842096	0.0666666666666666	0.0	DEPENDENT SEQUENTIAL DATA CAN STILL HAVE SHARP DEVIATION GUARANTEES IF SURPRISES AND PREDICTABLE VARIANCE ARE CONTROLLED	SUBTRACT THE PREDICTABLE PART OF AN OBSERVATION STREAM TO ISOLATE NEW INFORMATION	M-311; M-313	S-105; S-120	M-311:Martingale difference structure | M-313:Martingale variance process	S-105: Correct conditional model; S-120: Predictable intensity	active control/decision	certificate/exact	cross-domain; moderate semantic bridge; donor operator/certificate bonus; same-theory lexical penalty	DEMOTE_DIRECT_THEORY	Martingale innovations/compensators already give deviation control for event streams.	DEMOTE_DIRECT_THEORY	Previous status retained unless maturity/prior-art was the only reason for demotion.
33	5.373047474167711	IM-311	IM-156	S	E;P	0.0404013188064132	0.0555555555555555	0.0	MANY SIGNALS CAN BE INDIVIDUALLY UNDETECTABLE YET COLLECTIVELY DETECTABLE THROUGH A SMALL GLOBAL DISTORTION OF NULL	SYMMETRIC RULES CAN PRODUCE AN ASYMMETRIC REALIZED STATE; TINY COORDINATION SIGNALS CAN SELECT WHICH ONE	S-174	P-014; E-155; E-156	S-174:Rare/weak regime	P-014:Degeneracy/instability | E-155:Multiple equilibria | E-156:Expectations coordination	passive inference/diagnostic	certificate/exact	cross-domain; moderate semantic bridge; donor operator/certificate bonus; same-theory lexical penalty	QUARANTINE_WEAK_BRIDGE	Rare/weak signal aggregation does not by itself explain symmetry-breaking equilibrium selection.	QUARANTINE_WEAK_BRIDGE	Previous status retained unless maturity/prior-art was the only reason for demotion.
34	5.368087643929195	IM-267	IM-357	M	E	0.0676700342536778	0.0	0.0	THE VALUE OF PERFECT FUTURE INFORMATION CAN BE BOUNDED WITHOUT HAVING THAT INFORMATION	PUBLIC ACTIONS CAN ACCUMULATE UNTIL A NEW AGENT RATIONALLY IGNORES ITS OWN PRIVATE SIGNAL	M-345	E-099	M-345:Sequential selection	E-099:Sequential social learning	mechanism/structural	bound	cross-domain; moderate semantic bridge; donor operator/certificate bonus; same-theory lexical penalty	QUARANTINE_INTERACTION_MISMATCH	Prophet information bound does not naturally address information cascades/public-action herding.	QUARANTINE_INTERACTION_MISMATCH	Previous status retained unless maturity/prior-art was the only reason for demotion.
35	5.349095883731748	IM-249	IM-171	M	P	0.0397415382243481	0.0666666666666666	0.0	REPLACE AN INACCESSIBLE INTERIOR SOURCE BY A BOUNDARY-EQUIVALENT SOURCE THAT PRESERVES EXTERNAL OBSERVABLES	A LOCALLY CAPABLE SOURCE MAY FAIL TO PROPAGATE BECAUSE THE DOWNSTREAM SINK/LOAD IS TOO LARGE	M-655	P-473; P-999	M-655:Potential equivalence	P-473: Excitation current balance; P-999: Geometry + finite coupling	passive inference/diagnostic	bound	cross-domain; moderate semantic bridge; donor operator/certificate bonus; same-theory lexical penalty	HOLD_WEAK	Boundary-equivalent source reduction may help source-sink load models, but missing operator is not yet concrete.	HOLD_WEAK	Previous status retained unless maturity/prior-art was the only reason for demotion.
36	5.337945888520531	IM-325	IM-078	M	P	0.0349435714896082	0.0	0.0555555555555555	MONOTONE POLICY RESPONSE CAN BE CERTIFIED FROM COMPLEMENTARITY/ORDER STRUCTURE WITHOUT RESOLVING EVERY PARAMETER VALUE	STATE DETERIORATES → NEW CONSTRAINTS ACTIVATE → FREEDOM FALLS → FURTHER DETERIORATION	M-866; M-867; M-869; M-874; M-880	P-680; P-880	M-866:Complementary coordinates | M-867:Ordered action × parameter | M-869:Lattice optimization | M-874:Set-valued optimization | M-880:Nondifferentiable/discrete optimization	P-680:Dense particulate system | P-880:Coupled degradation	active control/decision	certificate/exact	cross-domain; moderate semantic bridge; donor operator/certificate bonus; same-theory lexical penalty	HOLD_WEAK	Monotone-order certificates could bound constraint-activation cascades, but receiving control law is unspecified.	HOLD_WEAK	Previous status retained unless maturity/prior-art was the only reason for demotion.
37	5.336630056266605	IM-336	IM-201	S	M	0.065398993630104	0.0	0.0	THE KNOWN RANDOMIZATION MECHANISM CAN ITSELF GENERATE AN EXACT REFERENCE DISTRIBUTION	CONDITIONING ON A RARE FUTURE EVENT CREATES A DIFFERENT EFFECTIVE PATH DYNAMICS	S-149	M-149	S-149:Known randomization	M-149: Positive harmonic function	mechanism/structural	certificate/exact;probabilistic	cross-domain; moderate semantic bridge; donor operator/certificate bonus; same-theory lexical penalty	QUARANTINE_WEAK_BRIDGE	Randomization reference law and rare-future conditioning are distinct probability changes; no clean composition yet.	QUARANTINE_WEAK_BRIDGE	Previous status retained unless maturity/prior-art was the only reason for demotion.
38	5.333311376830004	IM-206	IM-222	M	P	0.0309025814932798	0.0	0.0	INFER LONG-TIME BEHAVIOR FROM TRANSFORM BEHAVIOR NEAR A BOUNDARY/LOW FREQUENCY	RECOVERY TIME CAN DIVERGE BEFORE THE STATE ITSELF VISIBLY COLLAPSES	M-125; M-126	P-119; P-120	M-125: Regularity assumptions; M-126: Summability structure	P-119:Near bifurcation/criticality | P-120:Specific transition classes	passive inference/diagnostic	bound;local	cross-domain; moderate semantic bridge; donor operator/certificate bonus; same-theory lexical penalty	DEMOTE_PRIOR_ART	Critical slowing down already has spectral/low-frequency early-warning formulations.	REOPEN_HIGH_VALUE_APPLIED	Critical-slowing early warning can prevent high-consequence failures; value depends on false-alarm robustness.
39	5.3310910562959775	IM-314	IM-359	M	E	0.0709443398088337	0.0588235294117647	0.0	NONLINEAR STATE DYNAMICS CAN BECOME LINEAR IN A LIFTED OBSERVABLE SPACE	CONTROL THE INFORMATION STRUCTURE RATHER THAN THE STATE TO CHANGE ANOTHER DECISION-MAKER'S ACTION	M-401	E-401	M-401:Deterministic dynamics + observable space	E-401:Sender commitment to information structure	passive inference/diagnostic	local	cross-domain; moderate semantic bridge; donor operator/certificate bonus; same-theory lexical penalty	QUARANTINE_WEAK_BRIDGE	Koopman lifting and strategic information design do not combine without an explicit dynamic mechanism-design model.	QUARANTINE_WEAK_BRIDGE	Previous status retained unless maturity/prior-art was the only reason for demotion.
40	5.3310910562959775	IM-359	IM-314	E	M	0.0709443398088337	0.0588235294117647	0.0	CONTROL THE INFORMATION STRUCTURE RATHER THAN THE STATE TO CHANGE ANOTHER DECISION-MAKER'S ACTION	NONLINEAR STATE DYNAMICS CAN BECOME LINEAR IN A LIFTED OBSERVABLE SPACE	E-401	M-401	E-401:Sender commitment to information structure	M-401:Deterministic dynamics + observable space	information/measurement control	none-explicit	cross-domain; moderate semantic bridge; donor operator/certificate bonus; same-theory lexical penalty	QUARANTINE_WEAK_BRIDGE	Reverse of rank 39.	QUARANTINE_WEAK_BRIDGE	Previous status retained unless maturity/prior-art was the only reason for demotion.
41	5.329456963193083	IM-271	IM-314	S	M	0.0711981427730334	0.0625	0.0	RESIDUAL DEPENDENCE AFTER CONDITIONING ON LATENT STATE IS EVIDENCE THE STATE REPRESENTATION IS INCOMPLETE	NONLINEAR STATE DYNAMICS CAN BECOME LINEAR IN A LIFTED OBSERVABLE SPACE	S-332; S-855	M-401	S-332:Latent-variable model | S-855:Violated local independence	M-401:Deterministic dynamics + observable space	mechanism/structural	certificate/exact	cross-domain; moderate semantic bridge; donor operator/certificate bonus; same-theory lexical penalty	DEMOTE_EXISTING_CORE	Residual-dependence closure diagnostics plus lifting overlap ClosureFinder/ResidualClosureDiagnostic.	DEMOTE_EXISTING_CORE	Previous status retained unless maturity/prior-art was the only reason for demotion.
42	5.329456963193083	IM-314	IM-271	M	S	0.0711981427730334	0.0625	0.0	NONLINEAR STATE DYNAMICS CAN BECOME LINEAR IN A LIFTED OBSERVABLE SPACE	RESIDUAL DEPENDENCE AFTER CONDITIONING ON LATENT STATE IS EVIDENCE THE STATE REPRESENTATION IS INCOMPLETE	M-401	S-332; S-855	M-401:Deterministic dynamics + observable space	S-332:Latent-variable model | S-855:Violated local independence	passive inference/diagnostic	local	cross-domain; moderate semantic bridge; donor operator/certificate bonus; same-theory lexical penalty	DEMOTE_EXISTING_CORE	Reverse of rank 41.	DEMOTE_EXISTING_CORE	Previous status retained unless maturity/prior-art was the only reason for demotion.
43	5.3241956234509855	IM-203	IM-284	M	P	0.0708180409780631	0.0625	0.0	PAIRWISE DEPENDENCE CAN VANISH IN A LARGE POPULATION WHILE COLLECTIVE MEAN-FIELD INTERACTION REMAINS	FAILURE OF LONG-RANGE PROPAGATION DOES NOT MEAN THE FIELD/INFLUENCE VANISHES LOCALLY	M-151; M-152	P-542	M-151: Weak symmetric interaction; M-152: Mean-field scaling	P-542:Below-cutoff mode	active control/decision	none-explicit	cross-domain; moderate semantic bridge; donor operator/certificate bonus; same-theory lexical penalty	HOLD_DEEP_RESEARCH	Collective mean-field dependence plus local-but-not-long-range influence suggests a two-scale topology, but application and observable need specification.	HOLD_HIGH_UPSIDE	Two-scale local/global influence topology may matter in infrastructure/contagion monitoring; needs explicit observable/use case.
44	5.320961048136225	IM-196	IM-237	M	S	0.0298665083164216	0.0	0.0	RECOVERY CAN HAVE A SHARP COMPLEXITY–MEASUREMENT GEOMETRY BOUNDARY	A HUGE COUPLED ESTIMATION ALGORITHM CAN HAVE LOW-DIMENSIONAL ERROR DYNAMICS IN THE RIGHT RANDOM REGIME	M-279; M-280	S-913	M-279: Sparsity + measurement geometry; M-280: Sparse signal class	S-913:AMP asymptotics	passive inference/diagnostic	bound	cross-domain; moderate semantic bridge; donor operator/certificate bonus; same-theory lexical penalty	DEMOTE_DIRECT_THEORY	Compressed-sensing phase transition and AMP/state-evolution are native high-dimensional inference theory.	DEMOTE_DIRECT_THEORY	Previous status retained unless maturity/prior-art was the only reason for demotion.
45	5.31344134652684	IM-164	IM-053	P	M	0.1041260493870144	0.0588235294117647	0.0	COARSE-GRAINING CAN CREATE A VALID EFFECTIVE LAW ONLY AFTER HIDDEN FAST VARIABLES HAVE RELAXED/MIXED	FORBIDDEN/UNAVAILABLE COARSE STATE CAN BE REALIZED BY FAST OR RANDOM MICRO-MIXTURE	P-108; P-111; P-030	M-834; M-838	P-108: Time-scale separation; P-111: Fast periodic/ergodic motion; P-030: Scale separation/controlled approximation	M-834:Fine-scale mixtures | M-838:Scale separation	mechanism/structural	none-explicit	cross-domain; moderate semantic bridge; donor operator/certificate bonus; same-theory lexical penalty	DEMOTE_DIRECT_THEORY	Adiabatic elimination/effective laws and micro-mixture relaxation are standard multiscale/homogenization territory.	DEMOTE_DIRECT_THEORY	Previous status retained unless maturity/prior-art was the only reason for demotion.
46	5.312009994278906	IM-249	IM-010	M	E;P	0.029110401890822	0.0	0.0	REPLACE AN INACCESSIBLE INTERIOR SOURCE BY A BOUNDARY-EQUIVALENT SOURCE THAT PRESERVES EXTERNAL OBSERVABLES	PHYSICAL TOPOLOGY / POTENTIAL TOPOLOGY / CURRENTLY USABLE TOPOLOGY	M-655	P-1000; P-999; P-990; P-991; E-916; P-776	M-655:Potential equivalence	P-1000:State-dependent connectivity | P-999:Geometry + finite coupling | P-990:Asymmetric recovery/coupling | P-991:Propagation threshold | E-916:Heterogeneous banks | P-776:Transport accessibility	passive inference/diagnostic	bound	cross-domain; moderate semantic bridge; donor operator/certificate bonus; same-theory lexical penalty	HOLD_WEAK	Boundary-equivalent source representation may refine potential-versus-usable topology, but benchmark target not yet clear.	HOLD_WEAK	Previous status retained unless maturity/prior-art was the only reason for demotion.
47	5.301587225086895	IM-206	IM-088	M	P	0.0408961053026807	0.1111111111111111	0.0	INFER LONG-TIME BEHAVIOR FROM TRANSFORM BEHAVIOR NEAR A BOUNDARY/LOW FREQUENCY	BOUNDARY IS NOT FIXED; STATE INCLUDES WHERE BOUNDARY IS	M-125; M-126	P-355	M-125: Regularity assumptions; M-126: Summability structure	P-355:Moving phase boundary	passive inference/diagnostic	bound;local	cross-domain; moderate semantic bridge; donor operator/certificate bonus; same-theory lexical penalty	DEMOTE_DUPLICATE	Near-duplicate of rank 21.	DEMOTE_DUPLICATE	Previous status retained unless maturity/prior-art was the only reason for demotion.
48	5.299492493614262	IM-326	IM-335	M	S	0.0762129460153847	0.1333333333333333	0.0	GLOBAL TARGET ERROR SHOULD WEIGHT LOCAL RESIDUALS BY THEIR CONSEQUENCE FOR THE TARGET	MEASUREMENT LOCATIONS SHOULD BE CHOSEN TO SHAPE THE INFORMATION GEOMETRY FOR THE TARGET	M-255	S-048; S-049; S-050	M-255:Quantity of interest	S-048:Local/model-based design | S-049:Information-matrix criterion | S-050:Target functional specified	mechanism/structural	certificate/exact;local	cross-domain; moderate semantic bridge; donor operator/certificate bonus; same-theory lexical penalty	DEMOTE_PRIOR_ART	Adjoint/QoI-weighted residuals feeding sensor placement are established goal-oriented OED.	REOPEN_HIGH_VALUE_APPLIED	Goal-oriented sensor placement can reduce instrumentation cost and improve high-consequence detection.
49	5.298175139583835	IM-227	IM-303	M	P	0.062618140833248	0.0	0.0	ORDINARY CLOCK TIME AND ACCUMULATED CONTACT/VISIT TIME AT A BOUNDARY ARE DIFFERENT STATE VARIABLES	A MACRO TRANSPORT COEFFICIENT CAN BE RECOVERED FROM TIME-INTEGRATED MEMORY OF MICROSCOPIC SPONTANEOUS CURRENTS	M-317	P-104	M-317:Continuous semimartingale	P-104:Equilibrium statistical mechanics	mechanism/structural	bound	cross-domain; moderate semantic bridge; donor operator/certificate bonus; same-theory lexical penalty	QUARANTINE_WEAK_BRIDGE	Boundary contact time and Green-Kubo/time-integrated transport have no clear missing-operator composition.	QUARANTINE_WEAK_BRIDGE	Previous status retained unless maturity/prior-art was the only reason for demotion.
50	5.295323769601536	IM-148	IM-278	P	M	0.0624116176001164	0.0	0.0	A VARIABLE CAN BE IRRELEVANT FOR THE MAIN LIMIT YET ESSENTIAL FOR A PARTICULAR OBSERVABLE	ALTERNATING LOCAL CORRECTIONS MAY NEED A MEMORY OF PREVIOUS CORRECTION ERROR TO CONVERGE TO RIGHT GLOBAL OBJECT	P-159	M-159	P-159:RG structure	M-159:Convex sets	passive inference/diagnostic	none-explicit	cross-domain; moderate semantic bridge; donor operator/certificate bonus; same-theory lexical penalty	QUARANTINE_WEAK_BRIDGE	Dangerous-irrelevant-variable asymptotics and Dykstra correction memory are semantically unrelated for product transfer.	QUARANTINE_WEAK_BRIDGE	Previous status retained unless maturity/prior-art was the only reason for demotion.
