kernel_id	class_name	base_name	origin	core_v2_role	evidence_state	adoption_state	production_ready	retro50_products	retro50_relation_type	retro50_confidence	retro50_note
LCB-K001	ClosureFinderV0	ClosureFinder	r49_executable_library	STATE_OR_TRANSFORMATION_KERNEL	BENCHMARKED_WITH_NARROW_OR_LOSING_SHELL	ADOPT_CAPABILITY_WITH_ROUTER_REQUIRED	False	R042 PSCT; R024 BRED	COMPLEMENT	HIGH	observable/state closure before reduction or prediction
LCB-K002	CycleFlowAnalyzerV0	CycleFlowAnalyzer	r49_executable_library	STATE_OR_TRANSFORMATION_KERNEL	PROTOTYPE_ONLY_OR_PENDING	ADOPT_TO_CANDIDATE_REGISTRY_NOT_DEPLOYMENT	False	R002 HFAD	LIGHTWEIGHT_FALLBACK	HIGH	HFAD adds local-face versus global-harmonic resolution
LCB-K003	SharedCapacityAllocatorV0	SharedCapacityAllocator	r49_executable_library	ACTION_OR_OPTIMIZATION_KERNEL	MECHANISM_BENCHMARKED	ADOPT_CAPABILITY_NOT_PRODUCTION_CLAIM	False	none	NO_HIGH_CONFIDENCE_MATCH	N/A	new capability surface relative to the current 50-product registry
LCB-K004	TruncatedPoolRankV0	TruncatedPoolRank	r49_executable_library	HELPER_IMPLEMENTATION	EXECUTABLE_PROTOTYPE_PROVENANCE_LINK_INCOMPLETE	ADOPT_AS_INTERNAL_HELPER	False	none	NO_HIGH_CONFIDENCE_MATCH	N/A	new capability surface relative to the current 50-product registry
LCB-K005	DiscrepancyRandomizerV0	DiscrepancyRandomizer	r49_executable_library	CAPABILITY_COMPONENT	EXECUTABLE_PROTOTYPE_PROVENANCE_LINK_INCOMPLETE	ADOPT_TO_CANDIDATE_REGISTRY_NOT_DEPLOYMENT	False	R050 CBAC	COMPLEMENT	HIGH	balanced experimental assignment and design-law inference
LCB-K006	DeepTailScannerV0	DeepTailScanner	r49_executable_library	ASSURANCE_OR_DIAGNOSTIC_KERNEL	EXECUTABLE_PROTOTYPE_PROVENANCE_LINK_INCOMPLETE	ADOPT_TO_CANDIDATE_REGISTRY_NOT_DEPLOYMENT	False	none	NO_HIGH_CONFIDENCE_MATCH	N/A	new capability surface relative to the current 50-product registry
LCB-K007	ObservationTimingSensorV0	ObservationTimingSensor	r49_executable_library	INFERENCE_OR_MEASUREMENT_KERNEL	MECHANISM_BENCHMARKED	ADOPT_CAPABILITY_NOT_PRODUCTION_CLAIM	False	none	NO_HIGH_CONFIDENCE_MATCH	N/A	new capability surface relative to the current 50-product registry
LCB-K008	DecisionFluctuationGuardV0	DecisionFluctuationGuard	r49_executable_library	ASSURANCE_OR_DIAGNOSTIC_KERNEL	MECHANISM_BENCHMARKED	ADOPT_CAPABILITY_NOT_PRODUCTION_CLAIM	False	R007 BICC; R028 TDSX; R044 DLEW	SUITE_COMPLEMENT	MEDIUM	decision fragility and model-risk stack
LCB-K009	ConstraintPressureMonitorV0	ConstraintPressureMonitor	r49_executable_library	ASSURANCE_OR_DIAGNOSTIC_KERNEL	MECHANISM_BENCHMARKED	ADOPT_CAPABILITY_NOT_PRODUCTION_CLAIM	False	none	NO_HIGH_CONFIDENCE_MATCH	N/A	new capability surface relative to the current 50-product registry
LCB-K010	CoverageFeedbackControllerV0	CoverageFeedbackController	r49_executable_library	ACTION_OR_OPTIMIZATION_KERNEL	MECHANISM_BENCHMARKED	ADOPT_CAPABILITY_NOT_PRODUCTION_CLAIM	False	none	NO_HIGH_CONFIDENCE_MATCH	N/A	new capability surface relative to the current 50-product registry
LCB-K011	MemoryKernelClosureV0	MemoryKernelClosure	r49_executable_library	CAPABILITY_COMPONENT	MECHANISM_BENCHMARKED	ADOPT_CAPABILITY_NOT_PRODUCTION_CLAIM	False	R024 BRED; R042 PSCT	COMPLEMENT	HIGH	memory/state discovery before reduction
LCB-K012	PolicyAwareTimingSensorV0	PolicyAwareTimingSensor	r49_executable_library	INFERENCE_OR_MEASUREMENT_KERNEL	MECHANISM_BENCHMARKED	ADOPT_CAPABILITY_NOT_PRODUCTION_CLAIM	False	none	NO_HIGH_CONFIDENCE_MATCH	N/A	new capability surface relative to the current 50-product registry
LCB-K013	RepairDebtMonitorV0	RepairDebtMonitor	r49_executable_library	ASSURANCE_OR_DIAGNOSTIC_KERNEL	MECHANISM_BENCHMARKED	ADOPT_CAPABILITY_NOT_PRODUCTION_CLAIM	False	none	NO_HIGH_CONFIDENCE_MATCH	N/A	new capability surface relative to the current 50-product registry
LCB-K014	PersistenceAwareTransientRiskV0	PersistenceAwareTransientRisk	r49_executable_library	CAPABILITY_COMPONENT	MECHANISM_BENCHMARKED	ADOPT_CAPABILITY_NOT_PRODUCTION_CLAIM	False	none	NO_HIGH_CONFIDENCE_MATCH	N/A	new capability surface relative to the current 50-product registry
LCB-K015	VarianceAwareCapacityPlannerV0	VarianceAwareCapacityPlanner	r49_executable_library	ACTION_OR_OPTIMIZATION_KERNEL	MECHANISM_BENCHMARKED	ADOPT_CAPABILITY_NOT_PRODUCTION_CLAIM	False	none	NO_HIGH_CONFIDENCE_MATCH	N/A	new capability surface relative to the current 50-product registry
LCB-K016	BoundaryAccessibilityRankerV0	BoundaryAccessibilityRanker	r49_executable_library	CAPABILITY_COMPONENT	MECHANISM_BENCHMARKED	ADOPT_CAPABILITY_NOT_PRODUCTION_CLAIM	False	none	NO_HIGH_CONFIDENCE_MATCH	N/A	new capability surface relative to the current 50-product registry
LCB-K017	SupportFunctionActiveSensingV0	SupportFunctionActiveSensing	r49_executable_library	INFERENCE_OR_MEASUREMENT_KERNEL	MECHANISM_BENCHMARKED	ADOPT_CAPABILITY_NOT_PRODUCTION_CLAIM	False	none	NO_HIGH_CONFIDENCE_MATCH	N/A	new capability surface relative to the current 50-product registry
LCB-K018	ModularRiskFirewallV0	ModularRiskFirewall	r49_executable_library	CAPABILITY_COMPONENT	MECHANISM_BENCHMARKED	ADOPT_CAPABILITY_NOT_PRODUCTION_CLAIM	False	none	NO_HIGH_CONFIDENCE_MATCH	N/A	new capability surface relative to the current 50-product registry
LCB-K019	EffectiveDiversityGuardV0	EffectiveDiversityGuard	r49_executable_library	ASSURANCE_OR_DIAGNOSTIC_KERNEL	MECHANISM_BENCHMARKED	ADOPT_CAPABILITY_NOT_PRODUCTION_CLAIM	False	R023 CORMA; R037 SACPS; R038 DHCC	SUITE_COMPLEMENT	HIGH	effective rather than nominal independent information
LCB-K020	BackreactionAwareSensorV0	BackreactionAwareSensor	r49_executable_library	INFERENCE_OR_MEASUREMENT_KERNEL	MECHANISM_BENCHMARKED	ADOPT_CAPABILITY_NOT_PRODUCTION_CLAIM	False	none	NO_HIGH_CONFIDENCE_MATCH	N/A	new capability surface relative to the current 50-product registry
LCB-K021	LieTransientReachabilityGuardV0	LieTransientReachabilityGuard	r49_executable_library	ASSURANCE_OR_DIAGNOSTIC_KERNEL	MECHANISM_BENCHMARKED	ADOPT_CAPABILITY_NOT_PRODUCTION_CLAIM	False	none	NO_HIGH_CONFIDENCE_MATCH	N/A	new capability surface relative to the current 50-product registry
LCB-K022	RareWeakLayerMismatchGateV0	RareWeakLayerMismatchGate	r49_executable_library	ASSURANCE_OR_DIAGNOSTIC_KERNEL	MECHANISM_BENCHMARKED	ADOPT_CAPABILITY_NOT_PRODUCTION_CLAIM	False	none	NO_HIGH_CONFIDENCE_MATCH	N/A	new capability surface relative to the current 50-product registry
LCB-K023	LiquidityLoadSharingStressV0	LiquidityLoadSharingStress	r49_executable_library	CAPABILITY_COMPONENT	MECHANISM_BENCHMARKED	ADOPT_CAPABILITY_NOT_PRODUCTION_CLAIM	False	R004 OFLS	COMPLEMENT	HIGH	liquidity state plus burden redistribution
LCB-K024	PipelineRiskStateV0	PipelineRiskState	r49_executable_library	STATE_OR_TRANSFORMATION_KERNEL	MECHANISM_BENCHMARKED	ADOPT_CAPABILITY_NOT_PRODUCTION_CLAIM	False	none	NO_HIGH_CONFIDENCE_MATCH	N/A	new capability surface relative to the current 50-product registry
LCB-K025	LinkageUncertaintyPropagatorV0	LinkageUncertaintyPropagator	r49_executable_library	CAPABILITY_COMPONENT	MECHANISM_BENCHMARKED	ADOPT_CAPABILITY_NOT_PRODUCTION_CLAIM	False	none	NO_HIGH_CONFIDENCE_MATCH	N/A	new capability surface relative to the current 50-product registry
LCB-K026	RarePathImportanceSamplerV0	RarePathImportanceSampler	r49_executable_library	INFERENCE_OR_MEASUREMENT_KERNEL	MECHANISM_BENCHMARKED	ADOPT_CAPABILITY_NOT_PRODUCTION_CLAIM	False	none	NO_HIGH_CONFIDENCE_MATCH	N/A	new capability surface relative to the current 50-product registry
LCB-K027	RelationalMotifBeamLocatorV0	RelationalMotifBeamLocator	r49_executable_library	CAPABILITY_COMPONENT	MECHANISM_BENCHMARKED	ADOPT_CAPABILITY_NOT_PRODUCTION_CLAIM	False	none	NO_HIGH_CONFIDENCE_MATCH	N/A	new capability surface relative to the current 50-product registry
LCB-K028	ZeroCauseMetadataDiscriminatorV0	ZeroCauseMetadataDiscriminator	r49_executable_library	ASSURANCE_OR_DIAGNOSTIC_KERNEL	MECHANISM_BENCHMARKED	ADOPT_CAPABILITY_NOT_PRODUCTION_CLAIM	False	none	NO_HIGH_CONFIDENCE_MATCH	N/A	new capability surface relative to the current 50-product registry
LCB-K029	ReliabilityTemperedEvidenceV0	ReliabilityTemperedEvidence	r49_executable_library	CAPABILITY_COMPONENT	MECHANISM_BENCHMARKED	ADOPT_CAPABILITY_NOT_PRODUCTION_CLAIM	False	R026 EBC	COMPLEMENT	HIGH	reliability-weighted evidence borrowing
LCB-K030	OptionValueCapacityReserverV0	OptionValueCapacityReserver	r49_executable_library	ACTION_OR_OPTIMIZATION_KERNEL	MECHANISM_BENCHMARKED	ADOPT_CAPABILITY_NOT_PRODUCTION_CLAIM	False	none	NO_HIGH_CONFIDENCE_MATCH	N/A	new capability surface relative to the current 50-product registry
LCB-K031	ClusterCauseInvarianceFeaturesV0	ClusterCauseInvarianceFeatures	r49_executable_library	CAPABILITY_COMPONENT	MECHANISM_BENCHMARKED	ADOPT_CAPABILITY_NOT_PRODUCTION_CLAIM	False	none	NO_HIGH_CONFIDENCE_MATCH	N/A	new capability surface relative to the current 50-product registry
LCB-K032	HiddenMassLinkageV0	HiddenMassLinkage	r49_executable_library	CAPABILITY_COMPONENT	MECHANISM_BENCHMARKED	ADOPT_CAPABILITY_NOT_PRODUCTION_CLAIM	False	R049 MLHPE	DIRECT_SURFACE_OVERLAP	HIGH	hidden-population estimation with linkage uncertainty
LCB-K033	DynamicNetworkTwinV0	DynamicNetworkTwin	r49_executable_library	CAPABILITY_COMPONENT	MECHANISM_BENCHMARKED	ADOPT_CAPABILITY_NOT_PRODUCTION_CLAIM	False	none	NO_HIGH_CONFIDENCE_MATCH	N/A	new capability surface relative to the current 50-product registry
LCB-K034	CausalEdgeValidatorFeaturesV0	CausalEdgeValidatorFeatures	r49_executable_library	CAPABILITY_COMPONENT	MECHANISM_BENCHMARKED	ADOPT_CAPABILITY_NOT_PRODUCTION_CLAIM	False	R008 LGID; R022 CDA	COMPONENT	MEDIUM	causal-assumption and intervention-value validation
LCB-K035	ConsequenceCoverageAllocatorV0	ConsequenceCoverageAllocator	r49_executable_library	ACTION_OR_OPTIMIZATION_KERNEL	MECHANISM_BENCHMARKED	ADOPT_CAPABILITY_NOT_PRODUCTION_CLAIM	False	none	NO_HIGH_CONFIDENCE_MATCH	N/A	new capability surface relative to the current 50-product registry
LCB-K036	PerimeterMigrationScannerV0	PerimeterMigrationScanner	r49_executable_library	ASSURANCE_OR_DIAGNOSTIC_KERNEL	MECHANISM_BENCHMARKED	ADOPT_CAPABILITY_NOT_PRODUCTION_CLAIM	False	none	NO_HIGH_CONFIDENCE_MATCH	N/A	new capability surface relative to the current 50-product registry
LCB-K037	LiquidityStateEngineV0	LiquidityStateEngine	r49_executable_library	STATE_OR_TRANSFORMATION_KERNEL	MECHANISM_BENCHMARKED	ADOPT_CAPABILITY_NOT_PRODUCTION_CLAIM	False	R004 OFLS	DIRECT_COMPONENT	HIGH	usable-liquidity state for flow simulation
LCB-K038	CompetingExitExposureV0	CompetingExitExposure	r49_executable_library	CAPABILITY_COMPONENT	MECHANISM_BENCHMARKED	ADOPT_CAPABILITY_NOT_PRODUCTION_CLAIM	False	R047 MCRIS	DIRECT_COMPONENT	HIGH	state-dependent competing exits
LCB-K039	CutQueryCompressorV0	CutQueryCompressor	r49_executable_library	STATE_OR_TRANSFORMATION_KERNEL	MECHANISM_BENCHMARKED	ADOPT_CAPABILITY_NOT_PRODUCTION_CLAIM	False	none	NO_HIGH_CONFIDENCE_MATCH	N/A	new capability surface relative to the current 50-product registry
LCB-K040	TriggerQualityVerifierV0	TriggerQualityVerifier	r49_executable_library	ASSURANCE_OR_DIAGNOSTIC_KERNEL	MECHANISM_BENCHMARKED	ADOPT_CAPABILITY_NOT_PRODUCTION_CLAIM	False	none	NO_HIGH_CONFIDENCE_MATCH	N/A	new capability surface relative to the current 50-product registry
LCB-K041	ActiveThresholdSensingV0	ActiveThresholdSensing	r49_executable_library	INFERENCE_OR_MEASUREMENT_KERNEL	MECHANISM_BENCHMARKED	ADOPT_CAPABILITY_NOT_PRODUCTION_CLAIM	False	none	NO_HIGH_CONFIDENCE_MATCH	N/A	new capability surface relative to the current 50-product registry
LCB-K042	EffectiveRedundancyBackstopV0	EffectiveRedundancyBackstop	r49_executable_library	CAPABILITY_COMPONENT	MECHANISM_BENCHMARKED	ADOPT_CAPABILITY_NOT_PRODUCTION_CLAIM	False	none	NO_HIGH_CONFIDENCE_MATCH	N/A	new capability surface relative to the current 50-product registry
LCB-K043	DesignAwareRandomizationInferenceV0	DesignAwareRandomizationInference	r49_executable_library	INFERENCE_OR_MEASUREMENT_KERNEL	MECHANISM_BENCHMARKED	ADOPT_CAPABILITY_NOT_PRODUCTION_CLAIM	False	none	NO_HIGH_CONFIDENCE_MATCH	N/A	new capability surface relative to the current 50-product registry
LCB-K044	ReachableSubspaceAuditV0	ReachableSubspaceAudit	r49_executable_library	ASSURANCE_OR_DIAGNOSTIC_KERNEL	MECHANISM_BENCHMARKED	ADOPT_CAPABILITY_NOT_PRODUCTION_CLAIM	False	R023 CORMA; R024 BRED; R042 PSCT	SUITE_COMPLEMENT	MEDIUM	controllable/observable subspace audit
LCB-K045	BandSpecificRelationGateV0	BandSpecificRelationGate	r49_executable_library	ASSURANCE_OR_DIAGNOSTIC_KERNEL	MECHANISM_BENCHMARKED	ADOPT_CAPABILITY_NOT_PRODUCTION_CLAIM	False	R005 SLERM; R034 RSPI	COMPLEMENT	HIGH	band-specific synchronization evidence gate
LCB-K046	TargetPopulationAnchorCalibratorV0	TargetPopulationAnchorCalibrator	r49_executable_library	INFERENCE_OR_MEASUREMENT_KERNEL	MECHANISM_BENCHMARKED	ADOPT_CAPABILITY_NOT_PRODUCTION_CLAIM	False	R026 EBC	COMPLEMENT	MEDIUM	trusted target anchor before evidence borrowing
LCB-K047	AtomicComplementaryCommitV0	AtomicComplementaryCommit	r49_executable_library	ACTION_OR_OPTIMIZATION_KERNEL	MECHANISM_BENCHMARKED	ADOPT_CAPABILITY_NOT_PRODUCTION_CLAIM	False	none	NO_HIGH_CONFIDENCE_MATCH	N/A	new capability surface relative to the current 50-product registry
LCB-K048	MultiFidelityBudgetControllerV0	MultiFidelityBudgetController	r49_executable_library	ACTION_OR_OPTIMIZATION_KERNEL	MECHANISM_BENCHMARKED	ADOPT_CAPABILITY_NOT_PRODUCTION_CLAIM	False	R022 CDA	COMPLEMENT	MEDIUM	value-of-information and measurement budget
LCB-K049	BarrierAwareTransitionPlannerV0	BarrierAwareTransitionPlanner	r49_executable_library	ACTION_OR_OPTIMIZATION_KERNEL	MECHANISM_BENCHMARKED	ADOPT_CAPABILITY_NOT_PRODUCTION_CLAIM	False	none	NO_HIGH_CONFIDENCE_MATCH	N/A	new capability surface relative to the current 50-product registry
LCB-K050	ResilientFlowRouterV0	ResilientFlowRouter	r49_executable_library	ACTION_OR_OPTIMIZATION_KERNEL	MECHANISM_BENCHMARKED	ADOPT_CAPABILITY_NOT_PRODUCTION_CLAIM	False	none	NO_HIGH_CONFIDENCE_MATCH	N/A	new capability surface relative to the current 50-product registry
LCB-K051	TreatmentConfounderFeedbackGuardV0	TreatmentConfounderFeedbackGuard	r49_executable_library	ASSURANCE_OR_DIAGNOSTIC_KERNEL	MECHANISM_BENCHMARKED	ADOPT_CAPABILITY_NOT_PRODUCTION_CLAIM	False	R008 LGID; R022 CDA	COMPONENT	MEDIUM	time-varying treatment-confounder feedback
LCB-K052	BurstAwareSamplerV0	BurstAwareSampler	r49_executable_library	INFERENCE_OR_MEASUREMENT_KERNEL	MECHANISM_BENCHMARKED	ADOPT_CAPABILITY_NOT_PRODUCTION_CLAIM	False	R045 ATRC; R030 ISPO	COMPLEMENT	MEDIUM	adaptive sampling/memory allocation
LCB-K053	ActiveSetMapV0	ActiveSetMap	r49_executable_library	CAPABILITY_COMPONENT	MECHANISM_BENCHMARKED	ADOPT_CAPABILITY_NOT_PRODUCTION_CLAIM	False	none	NO_HIGH_CONFIDENCE_MATCH	N/A	new capability surface relative to the current 50-product registry
LCB-K054	TimescaleBottleneckDetectorV0	TimescaleBottleneckDetector	r49_executable_library	CAPABILITY_COMPONENT	MECHANISM_BENCHMARKED	ADOPT_CAPABILITY_NOT_PRODUCTION_CLAIM	False	none	NO_HIGH_CONFIDENCE_MATCH	N/A	new capability surface relative to the current 50-product registry
LCB-K055	InterfaceWidthOptimizerV0	InterfaceWidthOptimizer	r49_executable_library	ACTION_OR_OPTIMIZATION_KERNEL	MECHANISM_BENCHMARKED	ADOPT_CAPABILITY_NOT_PRODUCTION_CLAIM	False	R003 RIC; R018 MCSC	SUITE_COMPLEMENT	MEDIUM	structured exact optimization and certificates
LCB-K056	BurdenReliefControllerV0	BurdenReliefController	r49_executable_library	ACTION_OR_OPTIMIZATION_KERNEL	MECHANISM_BENCHMARKED	ADOPT_CAPABILITY_NOT_PRODUCTION_CLAIM	False	none	NO_HIGH_CONFIDENCE_MATCH	N/A	new capability surface relative to the current 50-product registry
LCB-K057	SelectionWithinAttributionV0	SelectionWithinAttribution	r49_executable_library	CAPABILITY_COMPONENT	MECHANISM_BENCHMARKED	ADOPT_CAPABILITY_NOT_PRODUCTION_CLAIM	False	none	NO_HIGH_CONFIDENCE_MATCH	N/A	new capability surface relative to the current 50-product registry
LCB-K058	SafeProblemReducerV0	SafeProblemReducer	r49_executable_library	STATE_OR_TRANSFORMATION_KERNEL	MECHANISM_BENCHMARKED	ADOPT_CAPABILITY_NOT_PRODUCTION_CLAIM	False	R003 RIC; R018 MCSC	SUITE_COMPLEMENT	HIGH	safe reduction before exact optimization
LCB-K059	ArrivalFrontierEngineV0	ArrivalFrontierEngine	r49_executable_library	STATE_OR_TRANSFORMATION_KERNEL	MECHANISM_BENCHMARKED	ADOPT_CAPABILITY_NOT_PRODUCTION_CLAIM	False	none	NO_HIGH_CONFIDENCE_MATCH	N/A	new capability surface relative to the current 50-product registry
LCB-K060	EndogenousHotspotGuardV0	EndogenousHotspotGuard	r49_executable_library	ASSURANCE_OR_DIAGNOSTIC_KERNEL	MECHANISM_BENCHMARKED	ADOPT_CAPABILITY_NOT_PRODUCTION_CLAIM	False	none	NO_HIGH_CONFIDENCE_MATCH	N/A	new capability surface relative to the current 50-product registry
LCB-K061	RiskShiftContractGuardV0	RiskShiftContractGuard	r49_executable_library	ASSURANCE_OR_DIAGNOSTIC_KERNEL	MECHANISM_BENCHMARKED	ADOPT_CAPABILITY_NOT_PRODUCTION_CLAIM	False	none	NO_HIGH_CONFIDENCE_MATCH	N/A	new capability surface relative to the current 50-product registry
LCB-K062	DelayedVerificationIncentiveGateV0	DelayedVerificationIncentiveGate	r49_executable_library	ASSURANCE_OR_DIAGNOSTIC_KERNEL	MECHANISM_BENCHMARKED	ADOPT_CAPABILITY_NOT_PRODUCTION_CLAIM	False	none	NO_HIGH_CONFIDENCE_MATCH	N/A	new capability surface relative to the current 50-product registry
LCB-K063	SolverCertificateAuditV0	SolverCertificateAudit	r49_executable_library	ASSURANCE_OR_DIAGNOSTIC_KERNEL	MECHANISM_BENCHMARKED	ADOPT_CAPABILITY_NOT_PRODUCTION_CLAIM	False	R003 RIC; R018 MCSC	SUITE_COMPLEMENT	HIGH	independent solver/certificate verification
LCB-K064	StrategicCapacityResponseGuardV0	StrategicCapacityResponseGuard	r49_executable_library	ASSURANCE_OR_DIAGNOSTIC_KERNEL	MECHANISM_BENCHMARKED	ADOPT_CAPABILITY_NOT_PRODUCTION_CLAIM	False	none	NO_HIGH_CONFIDENCE_MATCH	N/A	new capability surface relative to the current 50-product registry
LCB-K065	InformationProductionEquilibriumGuardV0	InformationProductionEquilibriumGuard	r49_executable_library	ASSURANCE_OR_DIAGNOSTIC_KERNEL	MECHANISM_BENCHMARKED	ADOPT_CAPABILITY_NOT_PRODUCTION_CLAIM	False	none	NO_HIGH_CONFIDENCE_MATCH	N/A	new capability surface relative to the current 50-product registry
LCB-K066	EffectiveComplexityMeterV0	EffectiveComplexityMeter	r49_executable_library	STATE_OR_TRANSFORMATION_KERNEL	MECHANISM_BENCHMARKED	ADOPT_CAPABILITY_NOT_PRODUCTION_CLAIM	False	R024 BRED; R046 MDDC	COMPLEMENT	MEDIUM	effective model complexity versus nominal size
LCB-K067	TimescaleAwareDeadZoneV0	TimescaleAwareDeadZone	r49_executable_library	CAPABILITY_COMPONENT	MECHANISM_BENCHMARKED	ADOPT_CAPABILITY_NOT_PRODUCTION_CLAIM	False	none	NO_HIGH_CONFIDENCE_MATCH	N/A	new capability surface relative to the current 50-product registry
LCB-K068	AdmissibleShiftRobustOptimizerV0	AdmissibleShiftRobustOptimizer	r49_executable_library	ACTION_OR_OPTIMIZATION_KERNEL	MECHANISM_BENCHMARKED	ADOPT_CAPABILITY_NOT_PRODUCTION_CLAIM	False	R028 TDSX; R029 SCE; R044 DLEW	SUITE_COMPLEMENT	HIGH	declared-shift robustness plus tipping exploration
LCB-K069	PredictableVarianceAlarmV0	PredictableVarianceAlarm	r49_executable_library	ASSURANCE_OR_DIAGNOSTIC_KERNEL	MECHANISM_BENCHMARKED	ADOPT_CAPABILITY_NOT_PRODUCTION_CLAIM	False	none	NO_HIGH_CONFIDENCE_MATCH	N/A	new capability surface relative to the current 50-product registry
LCB-K070	GroundTruthFreeRiskTunerV0	GroundTruthFreeRiskTuner	r49_executable_library	INFERENCE_OR_MEASUREMENT_KERNEL	MECHANISM_BENCHMARKED	ADOPT_CAPABILITY_NOT_PRODUCTION_CLAIM	False	none	NO_HIGH_CONFIDENCE_MATCH	N/A	new capability surface relative to the current 50-product registry
LCB-K071	GuaranteeTransportGateV0	GuaranteeTransportGate	r49_executable_library	ASSURANCE_OR_DIAGNOSTIC_KERNEL	MECHANISM_BENCHMARKED	ADOPT_CAPABILITY_NOT_PRODUCTION_CLAIM	False	R028 TDSX; R029 SCE; R044 DLEW	SUITE_COMPLEMENT	HIGH	deployment-shift validity gate
LCB-K072	EffectiveRedundancyAuditV0	EffectiveRedundancyAudit	r49_executable_library	ASSURANCE_OR_DIAGNOSTIC_KERNEL	MECHANISM_BENCHMARKED	ADOPT_CAPABILITY_NOT_PRODUCTION_CLAIM	False	R023 CORMA; R037 SACPS; R038 DHCC	SUITE_COMPLEMENT	HIGH	coherent-path/covariance redundancy audit
LCB-K073	ConsumableSafeguardStateV0	ConsumableSafeguardState	r49_executable_library	STATE_OR_TRANSFORMATION_KERNEL	MECHANISM_BENCHMARKED	ADOPT_CAPABILITY_NOT_PRODUCTION_CLAIM	False	none	NO_HIGH_CONFIDENCE_MATCH	N/A	new capability surface relative to the current 50-product registry
LCB-K074	InformationSearchTippingGuardV0	InformationSearchTippingGuard	r49_executable_library	ASSURANCE_OR_DIAGNOSTIC_KERNEL	MECHANISM_BENCHMARKED	ADOPT_CAPABILITY_NOT_PRODUCTION_CLAIM	False	none	NO_HIGH_CONFIDENCE_MATCH	N/A	new capability surface relative to the current 50-product registry
LCB-K075	ScreeningByDegradationAuditV0	ScreeningByDegradationAudit	r49_executable_library	ASSURANCE_OR_DIAGNOSTIC_KERNEL	MECHANISM_BENCHMARKED	ADOPT_CAPABILITY_NOT_PRODUCTION_CLAIM	False	none	NO_HIGH_CONFIDENCE_MATCH	N/A	new capability surface relative to the current 50-product registry
LCB-K076	ModeConversionRouterV0	ModeConversionRouter	r49_executable_library	ACTION_OR_OPTIMIZATION_KERNEL	MECHANISM_BENCHMARKED	ADOPT_CAPABILITY_NOT_PRODUCTION_CLAIM	False	none	NO_HIGH_CONFIDENCE_MATCH	N/A	new capability surface relative to the current 50-product registry
LCB-K077	SacrificialDeflectionGuardV0	SacrificialDeflectionGuard	r49_executable_library	ASSURANCE_OR_DIAGNOSTIC_KERNEL	MECHANISM_BENCHMARKED	ADOPT_CAPABILITY_NOT_PRODUCTION_CLAIM	False	none	NO_HIGH_CONFIDENCE_MATCH	N/A	new capability surface relative to the current 50-product registry
LCB-K078	AtomicPackageExecutionV0	AtomicPackageExecution	r49_executable_library	ACTION_OR_OPTIMIZATION_KERNEL	MECHANISM_BENCHMARKED	ADOPT_CAPABILITY_NOT_PRODUCTION_CLAIM	False	none	NO_HIGH_CONFIDENCE_MATCH	N/A	new capability surface relative to the current 50-product registry
LCB-K079	LeadingEdgeEarlyWarningV0	LeadingEdgeEarlyWarning	r49_executable_library	CAPABILITY_COMPONENT	MECHANISM_BENCHMARKED	ADOPT_CAPABILITY_NOT_PRODUCTION_CLAIM	False	none	NO_HIGH_CONFIDENCE_MATCH	N/A	new capability surface relative to the current 50-product registry
LCB-K080	CompressionTopologyGuardV0	CompressionTopologyGuard	r49_executable_library	ASSURANCE_OR_DIAGNOSTIC_KERNEL	MECHANISM_BENCHMARKED	ADOPT_CAPABILITY_NOT_PRODUCTION_CLAIM	False	none	NO_HIGH_CONFIDENCE_MATCH	N/A	new capability surface relative to the current 50-product registry
LCB-K081	ObservationPolicyConfoundingGuardV0	ObservationPolicyConfoundingGuard	r49_executable_library	ASSURANCE_OR_DIAGNOSTIC_KERNEL	MECHANISM_BENCHMARKED	ADOPT_CAPABILITY_NOT_PRODUCTION_CLAIM	False	R008 LGID; R022 CDA	COMPONENT	MEDIUM	measurement-policy confounding
LCB-K082	MicroMemoryDiagnosticV0	MicroMemoryDiagnostic	r49_executable_library	ASSURANCE_OR_DIAGNOSTIC_KERNEL	MECHANISM_BENCHMARKED	ADOPT_CAPABILITY_NOT_PRODUCTION_CLAIM	False	none	NO_HIGH_CONFIDENCE_MATCH	N/A	new capability surface relative to the current 50-product registry
LCB-K083	CodedBottleneckRouterV0	CodedBottleneckRouter	r49_executable_library	ACTION_OR_OPTIMIZATION_KERNEL	MECHANISM_BENCHMARKED	ADOPT_CAPABILITY_NOT_PRODUCTION_CLAIM	False	none	NO_HIGH_CONFIDENCE_MATCH	N/A	new capability surface relative to the current 50-product registry
LCB-K084	DecisionWeightedCalibrationV0	DecisionWeightedCalibration	r49_executable_library	CAPABILITY_COMPONENT	MECHANISM_BENCHMARKED	ADOPT_CAPABILITY_NOT_PRODUCTION_CLAIM	False	R026 EBC; R044 DLEW	COMPLEMENT	MEDIUM	calibration budget by decision consequence
LCB-K085	IrreversibleExplorationBudgetV0	IrreversibleExplorationBudget	r49_executable_library	CAPABILITY_COMPONENT	MECHANISM_BENCHMARKED	ADOPT_CAPABILITY_NOT_PRODUCTION_CLAIM	False	none	NO_HIGH_CONFIDENCE_MATCH	N/A	new capability surface relative to the current 50-product registry
LCB-K086	TestingWealthControllerV0	TestingWealthController	r49_executable_library	ACTION_OR_OPTIMIZATION_KERNEL	MECHANISM_BENCHMARKED	ADOPT_CAPABILITY_NOT_PRODUCTION_CLAIM	False	none	NO_HIGH_CONFIDENCE_MATCH	N/A	new capability surface relative to the current 50-product registry
LCB-K087	DecisionSufficientCompressorV0	DecisionSufficientCompressor	r49_executable_library	STATE_OR_TRANSFORMATION_KERNEL	MECHANISM_BENCHMARKED	ADOPT_CAPABILITY_NOT_PRODUCTION_CLAIM	False	R039 DSBC	DIRECT_SURFACE_OVERLAP	HIGH	decision-regret-aware compression
LCB-K088	CandidateSetDecoderV0	CandidateSetDecoder	r49_executable_library	INFERENCE_OR_MEASUREMENT_KERNEL	MECHANISM_BENCHMARKED	ADOPT_CAPABILITY_NOT_PRODUCTION_CLAIM	False	none	NO_HIGH_CONFIDENCE_MATCH	N/A	new capability surface relative to the current 50-product registry
LCB-K089	SelectionAwareReferenceLawV0	SelectionAwareReferenceLaw	r49_executable_library	CAPABILITY_COMPONENT	MECHANISM_BENCHMARKED	ADOPT_CAPABILITY_NOT_PRODUCTION_CLAIM	False	R014 ACSA	DIRECT_COMPONENT	HIGH	post-selection inference layer
LCB-K090	ObservabilityCoveragePlannerV0	ObservabilityCoveragePlanner	r49_executable_library	ACTION_OR_OPTIMIZATION_KERNEL	MECHANISM_BENCHMARKED	ADOPT_CAPABILITY_NOT_PRODUCTION_CLAIM	False	R023 CORMA; R024 BRED; R042 PSCT	SUITE_COMPLEMENT	HIGH	sensor coverage, state discovery and reduction
LCB-K091	ReachAvoidViabilityPlannerV0	ReachAvoidViabilityPlanner	r49_executable_library	ACTION_OR_OPTIMIZATION_KERNEL	MECHANISM_BENCHMARKED	ADOPT_CAPABILITY_NOT_PRODUCTION_CLAIM	False	none	NO_HIGH_CONFIDENCE_MATCH	N/A	new capability surface relative to the current 50-product registry
LCB-R50-149		overlap-aware marginal allocation	r50_saved_results_no_executable_source_in_rescue	CAPABILITY_COMPONENT	SAVED_RESULT_REANALYZED_SOURCE_CODE_ABSENT	CONFIRMED_COMPONENT_STANDALONE_SHELL_OPEN	False	SharedCapacityAllocatorV0	COMPONENT_EXTENSION	MEDIUM	overlap-aware marginal value
LCB-R50-067		future-equivalence representative-state dynamic programming	r50_saved_results_no_executable_source_in_rescue	KERNEL_CANDIDATE	SAVED_RESULT_REANALYZED_SOURCE_CODE_ABSENT	CONFIRMED_KERNEL_EXTENSION_AND_STANDALONE_CANDIDATE	False	InterfaceWidthOptimizerV0; SafeProblemReducerV0	KERNEL_EXTENSION	MEDIUM	future-equivalent state compression
LCB-R50-039		constraint-preserving conditional fiber sampling	r50_saved_results_no_executable_source_in_rescue	KERNEL_CANDIDATE	SAVED_RESULT_REANALYZED_SOURCE_CODE_ABSENT	STANDALONE_KERNEL_CANDIDATE	False	none	NEW_SURFACE	N/A	conditional/fiber sampling
LCB-R50-137		renegotiation-aware commitment valuation	r50_saved_results_no_executable_source_in_rescue	KERNEL_CANDIDATE	SAVED_RESULT_REANALYZED_SOURCE_CODE_ABSENT	STANDALONE_KERNEL_CANDIDATE	False	R043 SRCD	RETRO50_COMPLEMENT	MEDIUM	renegotiation-aware commitment and incentive preflight
LCB-R50-138		projection/ironing into implementable monotone decision class	r50_saved_results_no_executable_source_in_rescue	KERNEL_CANDIDATE	SAVED_RESULT_REANALYZED_SOURCE_CODE_ABSENT	STANDALONE_KERNEL_CANDIDATE	False	R018 MCSC; R043 SRCD	RETRO50_COMPLEMENT	MEDIUM	implementability projection and contract/decision feasibility
