path	size_bytes	sha256	status	duplicate-candidate
/Users/mertalituncer/Desktop/files/Q195_UNIONALPHA_RECOVERY_2026-09-18.zip	25017	3f55b866a6a49aa277d4436e29c66db5118f73257a84d908200d1d3b0d8f0571	canonical-local-copy
/Users/mertalituncer/Desktop/files/Q195_UNIONALPHA_RECOVERY_V2_2026-09-18.zip	767650	7cb676d0670eac294f725de87f5fa3211f7efc973f294a36076767bcd343481c	canonical-local-copy
/Users/mertalituncer/Desktop/files/Q195_UNIONALPHA_RECOVERY_V3_2026-09-18.zip	776181	f53c5b74740d09ae1307cd05bcfbef4f03580401d3aadf5a001b0d40d4ecfd11	canonical-local-copy
/Users/mertalituncer/Desktop/files/Q195_UNIONALPHA_RECOVERY_V4_2026-09-18.zip	32137	fab23e3ceaea3be98b8ede5044c534cd9cfd9e66febcfcdcd4b803f91e59379e	canonical-local-copy
/Users/mertalituncer/Desktop/files/Q196_UNIONALPHA_RECOVERY_V1_2026-09-18.zip	32595	a24f019389bde9c0f3cf7d78e0b8ee4af8d46dc3f50b4c3b368aa4c765a87d09	canonical-local-copy
/Users/mertalituncer/Desktop/files/Q196_UNIONALPHA_RECOVERY_V2_2026-09-18.zip	35445	0f84023c6a5cc8b248d76317153183deb16b1b1ebb2feab535c251a761887f29	canonical-local-copy
/Users/mertalituncer/Desktop/files/Q196_UNIONALPHA_RECOVERY_V3_2026-09-18.zip	42292	6946775aa7b2a038499a996fae2cc3f4764844fa7cd7f8a815c1233997952f93	canonical-local-copy
/Users/mertalituncer/Desktop/files/Q196_UNIONALPHA_RECOVERY_V4_2026-09-18.zip	26848	7e3c37d2f4efb1a4e3adf0e4891ac3ff25e043e614635607b3eae19e7ab4d236	canonical-local-copy
/Users/mertalituncer/Desktop/files/Q196_UNIONALPHA_RECOVERY_V5_2026-09-18.zip	21371	0e69c332f67af64556e7ae2b280802df68a9084ee703c5b78e9383d04e9aa099	canonical-local-copy
/Users/mertalituncer/Desktop/files/VOLTERRA_FULL_2026-09-18.zip	30807223	3039b44833d89fca84710914ff332619458045bb77197b8d511a8e3d517e6370	canonical-local-copy
/Users/mertalituncer/Developer/VOLTERRA_REPRODUCIBILITY_REPAIR_2026-09-17.zip	8695	038894de01474d9b002a56bd6f87744888f23fd7fefbdab73d636140e072181d	canonical-local-copy
/Users/mertalituncer/Developer/VOLTERRA_REPRODUCIBILITY_REPAIR_COMPLETE_2026-09-18.zip	31573	941f6a10258ad9d2bf11b0114e9a3831a563d04b683664bb7db619f111c9cfdf	canonical-local-copy
/Users/mertalituncer/Developer/lab/LAC_REPRO_R210/ACTIVE_RESEARCH/R212_VOLTERRA_NO_RESET_INTRINSIC/Q195_UNIONALPHA_RECOVERY_2026-09-18.zip	25017	3f55b866a6a49aa277d4436e29c66db5118f73257a84d908200d1d3b0d8f0571	duplicate-candidate
/Users/mertalituncer/Developer/lab/LAC_REPRO_R210/ACTIVE_RESEARCH/R212_VOLTERRA_NO_RESET_INTRINSIC/Q195_UNIONALPHA_RECOVERY_V2_2026-09-18.zip	767650	7cb676d0670eac294f725de87f5fa3211f7efc973f294a36076767bcd343481c	duplicate-candidate
/Users/mertalituncer/Developer/lab/LAC_REPRO_R210/ACTIVE_RESEARCH/R212_VOLTERRA_NO_RESET_INTRINSIC/Q195_UNIONALPHA_RECOVERY_V3_2026-09-18.zip	776181	f53c5b74740d09ae1307cd05bcfbef4f03580401d3aadf5a001b0d40d4ecfd11	duplicate-candidate
/Users/mertalituncer/Developer/lab/LAC_REPRO_R210/ACTIVE_RESEARCH/R212_VOLTERRA_NO_RESET_INTRINSIC/Q195_UNIONALPHA_RECOVERY_V4_2026-09-18.zip	32137	fab23e3ceaea3be98b8ede5044c534cd9cfd9e66febcfcdcd4b803f91e59379e	duplicate-candidate
/Users/mertalituncer/Developer/lab/LAC_REPRO_R210/ACTIVE_RESEARCH/R212_VOLTERRA_NO_RESET_INTRINSIC/Q196_UNIONALPHA_RECOVERY_V1_2026-09-18.zip	32595	a24f019389bde9c0f3cf7d78e0b8ee4af8d46dc3f50b4c3b368aa4c765a87d09	duplicate-candidate
/Users/mertalituncer/Developer/lab/LAC_REPRO_R210/ACTIVE_RESEARCH/R212_VOLTERRA_NO_RESET_INTRINSIC/Q196_UNIONALPHA_RECOVERY_V2_2026-09-18.zip	35445	0f84023c6a5cc8b248d76317153183deb16b1b1ebb2feab535c251a761887f29	duplicate-candidate
/Users/mertalituncer/Developer/lab/LAC_REPRO_R210/ACTIVE_RESEARCH/R212_VOLTERRA_NO_RESET_INTRINSIC/Q196_UNIONALPHA_RECOVERY_V3_2026-09-18.zip	42292	6946775aa7b2a038499a996fae2cc3f4764844fa7cd7f8a815c1233997952f93	duplicate-candidate
/Users/mertalituncer/Developer/lab/LAC_REPRO_R210/ACTIVE_RESEARCH/R212_VOLTERRA_NO_RESET_INTRINSIC/Q196_UNIONALPHA_RECOVERY_V4_2026-09-18.zip	26848	7e3c37d2f4efb1a4e3adf0e4891ac3ff25e043e614635607b3eae19e7ab4d236	duplicate-candidate
/Users/mertalituncer/Developer/lab/LAC_REPRO_R210/ACTIVE_RESEARCH/R212_VOLTERRA_NO_RESET_INTRINSIC/Q196_UNIONALPHA_RECOVERY_V5_2026-09-18.zip	21371	0e69c332f67af64556e7ae2b280802df68a9084ee703c5b78e9383d04e9aa099	duplicate-candidate
/Users/mertalituncer/Documents/Default Project/laballcompass/LAC_REPRO_R210/ACTIVE_RESEARCH/R212_VOLTERRA_NO_RESET_INTRINSIC/Q195_UNIONALPHA_RECOVERY_2026-09-18.zip	25017	3f55b866a6a49aa277d4436e29c66db5118f73257a84d908200d1d3b0d8f0571	duplicate-candidate
/Users/mertalituncer/Documents/Default Project/laballcompass/LAC_REPRO_R210/ACTIVE_RESEARCH/R212_VOLTERRA_NO_RESET_INTRINSIC/Q195_UNIONALPHA_RECOVERY_V2_2026-09-18.zip	767650	7cb676d0670eac294f725de87f5fa3211f7efc973f294a36076767bcd343481c	duplicate-candidate
/Users/mertalituncer/Documents/Default Project/laballcompass/LAC_REPRO_R210/ACTIVE_RESEARCH/R212_VOLTERRA_NO_RESET_INTRINSIC/Q195_UNIONALPHA_RECOVERY_V3_2026-09-18.zip	776181	f53c5b74740d09ae1307cd05bcfbef4f03580401d3aadf5a001b0d40d4ecfd11	duplicate-candidate
/Users/mertalituncer/Documents/Default Project/laballcompass/LAC_REPRO_R210/ACTIVE_RESEARCH/R212_VOLTERRA_NO_RESET_INTRINSIC/Q195_UNIONALPHA_RECOVERY_V4_2026-09-18.zip	32137	fab23e3ceaea3be98b8ede5044c534cd9cfd9e66febcfcdcd4b803f91e59379e	duplicate-candidate
/Users/mertalituncer/Documents/Default Project/laballcompass/LAC_REPRO_R210/ACTIVE_RESEARCH/R212_VOLTERRA_NO_RESET_INTRINSIC/Q196_UNIONALPHA_RECOVERY_V1_2026-09-18.zip	32595	a24f019389bde9c0f3cf7d78e0b8ee4af8d46dc3f50b4c3b368aa4c765a87d09	duplicate-candidate
/Users/mertalituncer/Documents/Default Project/laballcompass/LAC_REPRO_R210/ACTIVE_RESEARCH/R212_VOLTERRA_NO_RESET_INTRINSIC/Q196_UNIONALPHA_RECOVERY_V2_2026-09-18.zip	35445	0f84023c6a5cc8b248d76317153183deb16b1b1ebb2feab535c251a761887f29	duplicate-candidate
/Users/mertalituncer/Documents/Default Project/laballcompass/LAC_REPRO_R210/ACTIVE_RESEARCH/R212_VOLTERRA_NO_RESET_INTRINSIC/Q196_UNIONALPHA_RECOVERY_V3_2026-09-18.zip	42292	6946775aa7b2a038499a996fae2cc3f4764844fa7cd7f8a815c1233997952f93	duplicate-candidate
/Users/mertalituncer/Documents/Default Project/laballcompass/LAC_REPRO_R210/ACTIVE_RESEARCH/R212_VOLTERRA_NO_RESET_INTRINSIC/Q196_UNIONALPHA_RECOVERY_V4_2026-09-18.zip	26848	7e3c37d2f4efb1a4e3adf0e4891ac3ff25e043e614635607b3eae19e7ab4d236	duplicate-candidate
/Users/mertalituncer/Documents/Default Project/laballcompass/LAC_REPRO_R210/ACTIVE_RESEARCH/R212_VOLTERRA_NO_RESET_INTRINSIC/Q196_UNIONALPHA_RECOVERY_V5_2026-09-18.zip	21371	0e69c332f67af64556e7ae2b280802df68a9084ee703c5b78e9383d04e9aa099	duplicate-candidate
/Users/mertalituncer/Downloads/LABALLCOMPASS_ONLY_2026-09-13/LABALLCOMPASSREPRO.zip	29854622	f81361fcb3fd746879c46b7328a54157151f447a9fdff4ccba3c7b68cc3f3bd8	canonical-local-copy
/Users/mertalituncer/Downloads/LABALLCOMPASS_ONLY_2026-09-13/LABALLCOMPASS_R401_MATERIAL_PRODUCT_HANDOFF_2026-08-31.zip	204311222	e3676abe1d9de3d44795d34e14f455e2d734a6d8c22b9b60db917f447e921c79	canonical-local-copy
/var/folders/87/7zcwj9x95fq3g0bv00f1t_gh0000gn/T/opencode/R212_VOLTERRA_NO_RESET_INTRINSIC_backup.zip	24165	edcd08d02d83b8ef51af65de4eef23f6d21a69ed85d9088362b4044dfee327de	retained-protected-temp
/var/folders/87/7zcwj9x95fq3g0bv00f1t_gh0000gn/T/opencode/VOLTERRA_FULL/developer_sources/VOLTERRA_REPRODUCIBILITY_REPAIR_2026-09-17.zip	8695	038894de01474d9b002a56bd6f87744888f23fd7fefbdab73d636140e072181d	retained-protected-temp
/var/folders/87/7zcwj9x95fq3g0bv00f1t_gh0000gn/T/opencode/VOLTERRA_FULL/developer_sources/VOLTERRA_REPRODUCIBILITY_REPAIR_COMPLETE_2026-09-18.zip	31573	941f6a10258ad9d2bf11b0114e9a3831a563d04b683664bb7db619f111c9cfdf	retained-protected-temp
/var/folders/87/7zcwj9x95fq3g0bv00f1t_gh0000gn/T/opencode/VOLTERRA_FULL_2026-09-18.zip	30807223	3039b44833d89fca84710914ff332619458045bb77197b8d511a8e3d517e6370	retained-protected-temp
