regime	seed	fiber_size	mcmc_tv_to_exact_uniform	naive_single_cell_valid_rate
nontrivial_fiber_main	0	87	0.04175172413793105	0.0
singleton_control	0	1	0.0	0.0
nontrivial_fiber_main	1	87	0.05741379310344827	0.0
singleton_control	1	1	0.0	0.0
nontrivial_fiber_main	2	87	0.04953103448275862	0.0
singleton_control	2	1	0.0	0.0
nontrivial_fiber_main	3	87	0.07804597701149424	0.0
singleton_control	3	1	0.0	0.0
nontrivial_fiber_main	4	87	0.048836781609195405	0.0
singleton_control	4	1	0.0	0.0
nontrivial_fiber_main	5	87	0.06806436781609194	0.0
singleton_control	5	1	0.0	0.0
nontrivial_fiber_main	6	87	0.056551724137931046	0.0
singleton_control	6	1	0.0	0.0
nontrivial_fiber_main	7	87	0.0455632183908046	0.0
singleton_control	7	1	0.0	0.0
nontrivial_fiber_main	8	87	0.04945747126436781	0.0
singleton_control	8	1	0.0	0.0
nontrivial_fiber_main	9	87	0.06506896551724137	0.0
singleton_control	9	1	0.0	0.0
nontrivial_fiber_main	10	87	0.047068965517241386	0.0
singleton_control	10	1	0.0	0.0
nontrivial_fiber_main	11	87	0.06889655172413794	0.0
singleton_control	11	1	0.0	0.0
nontrivial_fiber_main	12	87	0.0588919540229885	0.0
singleton_control	12	1	0.0	0.0
nontrivial_fiber_main	13	87	0.06491954022988508	0.0
singleton_control	13	1	0.0	0.0
nontrivial_fiber_main	14	87	0.048496551724137936	0.0
singleton_control	14	1	0.0	0.0
nontrivial_fiber_main	15	87	0.04588045977011494	0.0
singleton_control	15	1	0.0	0.0
nontrivial_fiber_main	16	87	0.07679080459770116	0.0
singleton_control	16	1	0.0	0.0
nontrivial_fiber_main	17	87	0.055158620689655165	0.0
singleton_control	17	1	0.0	0.0
nontrivial_fiber_main	18	87	0.04540229885057472	0.0
singleton_control	18	1	0.0	0.0
nontrivial_fiber_main	19	87	0.05301379310344827	0.0
singleton_control	19	1	0.0	0.0
nontrivial_fiber_main	20	87	0.08805287356321838	0.0
singleton_control	20	1	0.0	0.0
nontrivial_fiber_main	21	87	0.05181839080459771	0.0
singleton_control	21	1	0.0	0.0
nontrivial_fiber_main	22	87	0.04380229885057471	0.0
singleton_control	22	1	0.0	0.0
nontrivial_fiber_main	23	87	0.05344137931034482	0.0
singleton_control	23	1	0.0	0.0
nontrivial_fiber_main	24	87	0.05722068965517241	0.0
singleton_control	24	1	0.0	0.0
nontrivial_fiber_main	25	87	0.07400229885057472	0.0
singleton_control	25	1	0.0	0.0
nontrivial_fiber_main	26	87	0.08633793103448273	0.0
singleton_control	26	1	0.0	0.0
nontrivial_fiber_main	27	87	0.044252873563218394	0.0
singleton_control	27	1	0.0	0.0
nontrivial_fiber_main	28	87	0.07030344827586206	0.0
singleton_control	28	1	0.0	0.0
nontrivial_fiber_main	29	87	0.04657471264367817	0.0
singleton_control	29	1	0.0	0.0
nontrivial_fiber_main	30	87	0.07048505747126435	0.0
singleton_control	30	1	0.0	0.0
nontrivial_fiber_main	31	87	0.04633563218390804	0.0
singleton_control	31	1	0.0	0.0
nontrivial_fiber_main	32	87	0.04413103448275862	0.0
singleton_control	32	1	0.0	0.0
nontrivial_fiber_main	33	87	0.059367816091954025	0.0
singleton_control	33	1	0.0	0.0
nontrivial_fiber_main	34	87	0.04964137931034481	0.0
singleton_control	34	1	0.0	0.0
nontrivial_fiber_main	35	87	0.055241379310344826	0.0
singleton_control	35	1	0.0	0.0
nontrivial_fiber_main	36	87	0.09868045977011493	0.0
singleton_control	36	1	0.0	0.0
nontrivial_fiber_main	37	87	0.0700183908045977	0.0
singleton_control	37	1	0.0	0.0
nontrivial_fiber_main	38	87	0.053085057471264366	0.0
singleton_control	38	1	0.0	0.0
nontrivial_fiber_main	39	87	0.05141839080459771	0.0
singleton_control	39	1	0.0	0.0
nontrivial_fiber_main	40	87	0.07310804597701148	0.0
singleton_control	40	1	0.0	0.0
nontrivial_fiber_main	41	87	0.05368045977011494	0.0
singleton_control	41	1	0.0	0.0
nontrivial_fiber_main	42	87	0.05691954022988507	0.0
singleton_control	42	1	0.0	0.0
nontrivial_fiber_main	43	87	0.059452873563218385	0.0
singleton_control	43	1	0.0	0.0
nontrivial_fiber_main	44	87	0.05008505747126438	0.0
singleton_control	44	1	0.0	0.0
nontrivial_fiber_main	45	87	0.053696551724137925	0.0
singleton_control	45	1	0.0	0.0
nontrivial_fiber_main	46	87	0.06730804597701148	0.0
singleton_control	46	1	0.0	0.0
nontrivial_fiber_main	47	87	0.057735632183908044	0.0
singleton_control	47	1	0.0	0.0
nontrivial_fiber_main	48	87	0.07007356321839081	0.0
singleton_control	48	1	0.0	0.0
nontrivial_fiber_main	49	87	0.054547126436781605	0.0
singleton_control	49	1	0.0	0.0
nontrivial_fiber_main	50	87	0.05313103448275862	0.0
singleton_control	50	1	0.0	0.0
nontrivial_fiber_main	51	87	0.061618390804597696	0.0
singleton_control	51	1	0.0	0.0
nontrivial_fiber_main	52	87	0.06257011494252873	0.0
singleton_control	52	1	0.0	0.0
nontrivial_fiber_main	53	87	0.06534252873563218	0.0
singleton_control	53	1	0.0	0.0
nontrivial_fiber_main	54	87	0.045997701149425294	0.0
singleton_control	54	1	0.0	0.0
nontrivial_fiber_main	55	87	0.0690022988505747	0.0
singleton_control	55	1	0.0	0.0
nontrivial_fiber_main	56	87	0.06238620689655172	0.0
singleton_control	56	1	0.0	0.0
nontrivial_fiber_main	57	87	0.057112643678160914	0.0
singleton_control	57	1	0.0	0.0
nontrivial_fiber_main	58	87	0.05798160919540231	0.0
singleton_control	58	1	0.0	0.0
nontrivial_fiber_main	59	87	0.033174712643678154	0.0
singleton_control	59	1	0.0	0.0
nontrivial_fiber_main	60	87	0.043363218390804585	0.0
singleton_control	60	1	0.0	0.0
nontrivial_fiber_main	61	87	0.052085057471264365	0.0
singleton_control	61	1	0.0	0.0
nontrivial_fiber_main	62	87	0.04694712643678161	0.0
singleton_control	62	1	0.0	0.0
nontrivial_fiber_main	63	87	0.06486896551724139	0.0
singleton_control	63	1	0.0	0.0
nontrivial_fiber_main	64	87	0.06353563218390806	0.0
singleton_control	64	1	0.0	0.0
nontrivial_fiber_main	65	87	0.09113563218390805	0.0
singleton_control	65	1	0.0	0.0
nontrivial_fiber_main	66	87	0.06799080459770114	0.0
singleton_control	66	1	0.0	0.0
nontrivial_fiber_main	67	87	0.0646183908045977	0.0
singleton_control	67	1	0.0	0.0
nontrivial_fiber_main	68	87	0.07813563218390804	0.0
singleton_control	68	1	0.0	0.0
nontrivial_fiber_main	69	87	0.0418735632183908	0.0
singleton_control	69	1	0.0	0.0
nontrivial_fiber_main	70	87	0.07468045977011493	0.0
singleton_control	70	1	0.0	0.0
nontrivial_fiber_main	71	87	0.03819770114942528	0.0
singleton_control	71	1	0.0	0.0
nontrivial_fiber_main	72	87	0.055641379310344824	0.0
singleton_control	72	1	0.0	0.0
nontrivial_fiber_main	73	87	0.048947126436781604	0.0
singleton_control	73	1	0.0	0.0
nontrivial_fiber_main	74	87	0.06911954022988506	0.0
singleton_control	74	1	0.0	0.0
nontrivial_fiber_main	75	87	0.0422022988505747	0.0
singleton_control	75	1	0.0	0.0
nontrivial_fiber_main	76	87	0.07374712643678162	0.0
singleton_control	76	1	0.0	0.0
nontrivial_fiber_main	77	87	0.05728045977011495	0.0
singleton_control	77	1	0.0	0.0
nontrivial_fiber_main	78	87	0.08801379310344827	0.0
singleton_control	78	1	0.0	0.0
nontrivial_fiber_main	79	87	0.05858620689655173	0.0
singleton_control	79	1	0.0	0.0
nontrivial_fiber_main	80	87	0.05517931034482758	0.0
singleton_control	80	1	0.0	0.0
nontrivial_fiber_main	81	87	0.05882528735632184	0.0
singleton_control	81	1	0.0	0.0
nontrivial_fiber_main	82	87	0.054386206896551735	0.0
singleton_control	82	1	0.0	0.0
nontrivial_fiber_main	83	87	0.060324137931034486	0.0
singleton_control	83	1	0.0	0.0
nontrivial_fiber_main	84	87	0.04705747126436781	0.0
singleton_control	84	1	0.0	0.0
nontrivial_fiber_main	85	87	0.04837471264367816	0.0
singleton_control	85	1	0.0	0.0
nontrivial_fiber_main	86	87	0.09166666666666666	0.0
singleton_control	86	1	0.0	0.0
nontrivial_fiber_main	87	87	0.04278620689655173	0.0
singleton_control	87	1	0.0	0.0
nontrivial_fiber_main	88	87	0.0814528735632184	0.0
singleton_control	88	1	0.0	0.0
nontrivial_fiber_main	89	87	0.045280459770114946	0.0
singleton_control	89	1	0.0	0.0
nontrivial_fiber_main	90	87	0.041696551724137935	0.0
singleton_control	90	1	0.0	0.0
nontrivial_fiber_main	91	87	0.05284597701149426	0.0
singleton_control	91	1	0.0	0.0
nontrivial_fiber_main	92	87	0.05677011494252873	0.0
singleton_control	92	1	0.0	0.0
nontrivial_fiber_main	93	87	0.055563218390804595	0.0
singleton_control	93	1	0.0	0.0
nontrivial_fiber_main	94	87	0.0613816091954023	0.0
singleton_control	94	1	0.0	0.0
nontrivial_fiber_main	95	87	0.07577471264367816	0.0
singleton_control	95	1	0.0	0.0
nontrivial_fiber_main	96	87	0.06159080459770115	0.0
singleton_control	96	1	0.0	0.0
nontrivial_fiber_main	97	87	0.045547126436781604	0.0
singleton_control	97	1	0.0	0.0
nontrivial_fiber_main	98	87	0.05904137931034483	0.0
singleton_control	98	1	0.0	0.0
nontrivial_fiber_main	99	87	0.07149195402298848	0.0
singleton_control	99	1	0.0	0.0
nontrivial_fiber_main	100	87	0.05708045977011495	0.0
singleton_control	100	1	0.0	0.0
nontrivial_fiber_main	101	87	0.0794022988505747	0.0
singleton_control	101	1	0.0	0.0
nontrivial_fiber_main	102	87	0.052425287356321834	0.0
singleton_control	102	1	0.0	0.0
nontrivial_fiber_main	103	87	0.05429655172413794	0.0
singleton_control	103	1	0.0	0.0
nontrivial_fiber_main	104	87	0.04061379310344829	0.0
singleton_control	104	1	0.0	0.0
nontrivial_fiber_main	105	87	0.09239080459770116	0.0
singleton_control	105	1	0.0	0.0
nontrivial_fiber_main	106	87	0.052085057471264365	0.0
singleton_control	106	1	0.0	0.0
nontrivial_fiber_main	107	87	0.0794919540229885	0.0
singleton_control	107	1	0.0	0.0
nontrivial_fiber_main	108	87	0.09787586206896554	0.0
singleton_control	108	1	0.0	0.0
nontrivial_fiber_main	109	87	0.07920689655172411	0.0
singleton_control	109	1	0.0	0.0
nontrivial_fiber_main	110	87	0.05608045977011493	0.0
singleton_control	110	1	0.0	0.0
nontrivial_fiber_main	111	87	0.05761839080459769	0.0
singleton_control	111	1	0.0	0.0
nontrivial_fiber_main	112	87	0.0667287356321839	0.0
singleton_control	112	1	0.0	0.0
nontrivial_fiber_main	113	87	0.04688045977011495	0.0
singleton_control	113	1	0.0	0.0
nontrivial_fiber_main	114	87	0.04833563218390804	0.0
singleton_control	114	1	0.0	0.0
nontrivial_fiber_main	115	87	0.07388045977011493	0.0
singleton_control	115	1	0.0	0.0
nontrivial_fiber_main	116	87	0.06033563218390805	0.0
singleton_control	116	1	0.0	0.0
nontrivial_fiber_main	117	87	0.06426896551724137	0.0
singleton_control	117	1	0.0	0.0
nontrivial_fiber_main	118	87	0.03941379310344828	0.0
singleton_control	118	1	0.0	0.0
nontrivial_fiber_main	119	87	0.04743678160919541	0.0
singleton_control	119	1	0.0	0.0
