product_id	short_name	canonical_status	family_status	supplier_id	consumer_id	domains	test_methods	source_lines	public_api	third_party_dependencies	readme_summary
V2P001	SAVA	CANONICAL	DISTINCT_FAMILY	LCB-K003	FOUNDRY:P031		6	138	AuditCandidate,SAVAResult,SharedAuditRank,allocate_verification_liquidity,to_dict		Run `python test_sava.py`. The module has no external dependencies.
V2P002	MFQA	CANONICAL	DISTINCT_FAMILY	LCB-K048	FOUNDRY:P136	allocation,systems	6	172	FidelityChannel,MFQAResult,allocate_quasineutral_measurements,main,run_case,to_dict	numpy	Run `python test_mfqa.py`. Requires NumPy, already used by the QAIG parent.
V2P003	MFPD	CANONICAL	DISTINCT_FAMILY	LCB-K048	FOUNDRY:P144	allocation,systems	12	342	FidelityIdentificationChannel,MFPDResult,identify_persistence_then_route_budget,main,to_dict	numpy	
V2P004	OPIA	CANONICAL	DISTINCT_FAMILY	LCB-K081	FOUNDRY:P138	decision	12	404	BackactionEstimate,GuardedChannelValue,OPIAResult,ObservationPolicyHistory,acquire_for_search_policy_with_backaction_guard,main,to_dict	numpy	
V2P005	EDSANP	CANONICAL	DISTINCT_FAMILY	LCB-K019	FOUNDRY:P003		12	427	EDSANPResult,SupportEvidence,SupportEvidenceCheck,compare_gated_with_raw_on_fresh_returns,construct_effective_diversity_gated_portfolio,ev,sparse_covariance,to_dict	numpy	Composition: `LCB-K019 EffectiveDiversityGuardV0 -> FOUNDRY:P003 SANP`.
V2P006	IDASRO	CANONICAL	DISTINCT_FAMILY	LCB-K068	FOUNDRY:P025	robustness	12	293	DirectionalRobustDecision,IDASROResult,identification_admissible_shift_robust_decision,to_dict	numpy	Identification-Driven Admissible-Shift Robust Optimizer.
V2P007	CPDBE	CANONICAL	DISTINCT_FAMILY	LCB-K009	FOUNDRY:P026	safety	12	264	EdgePressure,PressureGuidedTippingResult,pressure_guided_deployable_tipping,to_dict		Exact K009-style active-cap pruning for P026 DBTE's fixed series-path, one-edge capacity-increase shell. See `PRODUCT_RESULT.md` for the certificate and non-claims.
V2P008	TGCARS	CANONICAL	DISTINCT_FAMILY	LCB-K071	FOUNDRY:P135	allocation,memory	12	422	TGCARSResult,TransportAudit,actual_loss,audit_guarantee_transport,to_dict,transport_gated_certificate_aware_resolution	numpy	Transport-gated reuse of P135 CARS deletion certificates. The K071 residual/conditional-law transport audit decides whether P135 may continue assigning zero sensing consequence to certified-deleted features. If transport is not certified, zeroing is disabled and the allocation falls back to non-zero declared feature consequence weights while explicit re-certification remains required.
V2P009	SGMB	CANONICAL	DISTINCT_FAMILY	FOUNDRY:P140	LCB-K048	allocation,measurement,systems	12	260	SGMBResult,support_gated_multifidelity_monitoring,to_dict		BOSA support-gated K048 multi-fidelity monitoring. Cheap proxy measurements are permitted only when the original cohort still has declared overlap support for the survivor population; high pilot correlation alone cannot override support failure.
V2P010	SCSPIA	CANONICAL	DISTINCT_FAMILY	PARENT:R037_SUPPORT_COVARIANCE_SACPS	FOUNDRY:P138	measurement,decision	12	276	SCSPIAResult,simplex_tangent_basis,support_calibrated_search_policy_acquisition,to_dict,vals	numpy	Support-calibrated covariance for P138 Search-Policy Information Acquisition. SACPS is applied in an orthonormal simplex-tangent coordinate system, then the supported/shrunk covariance is lifted back to a probability covariance before SPIA prices measurement channels.
V2P011	BIVCP	CANONICAL	DISTINCT_FAMILY	FOUNDRY:P079	LCB-K015	measurement,decision,robustness	12	97	Result,boundary_information_capacity_plan,to_dict		BIVCP composes calibrated boundary-information acquisition with variance-aware capacity planning. It buys a measurement only when expected downstream capacity-decision loss falls by more than measurement cost.
V2P012	SARCP	CANONICAL	DISTINCT_FAMILY	FOUNDRY:P140	LCB-K015	robustness	12	64	Result,realized_shortfall,support_adjusted_reserve,to_dict		SARCP composes burnout-overlap support auditing with variance-aware capacity planning. When effective support drops below a declared floor, uncertainty is inflated before reserve capacity is chosen.
V2P013	CADRE	CANONICAL	DISTINCT_FAMILY	FOUNDRY:P091	PARENT:IM334_IM094_DRE	allocation,decision,robustness,compression	12	78	CADREResult,a,compression_aware_dre,to_dict		P091 decision-compression tipping supplies a decision-error budget to DRE. A compressed DRE choice is accepted only when its top-two score margin exceeds the declared compression bound; otherwise the product routes to full-resolution DRE or abstains.
V2P014	BATS	CANONICAL	FAMILY_VARIANT_OR_QUARANTINED	FOUNDRY:P079	LCB-K012	allocation,measurement,decision,calibration	6	36	Result,boundary_aware_timing,to_dict		CBIA boundary evidence gates policy-aware timing acquisition. Timing probes are scheduled only when the calibrated interval spans multiple downstream actions; action-invariant regions conserve sensing budget.
V2P015	BGTW	CANONICAL	FAMILY_VARIANT_OR_QUARANTINED	FOUNDRY:P079	LCB-K086	decision,robustness,systems	6	33	Result,boundary_gated_wealth,to_dict		CBIA action-boundary evidence controls when testing wealth can be spent. Wealth is preserved when calibrated uncertainty cannot change the action and is released only at decision-relevant boundaries.
V2P016	BVRP	CANONICAL	FAMILY_VARIANT_OR_QUARANTINED	FOUNDRY:P079	LCB-K091	decision,robustness,safety,calibration	6	31	Result,boundary_viability_plan,to_dict		CBIA determines whether uncertainty spans opposing reach/avoid actions. The reach-avoid planner uses the nominal action only when the calibrated interval is action-invariant; otherwise it routes to the declared safe fallback.
V2P017	CCDRE	CANONICAL	FAMILY_VARIANT_OR_QUARANTINED	FOUNDRY:P109	PARENT:IM334_IM094_DRE	allocation,measurement,decision	6	34	Result,conservation_calibrated_explore,to_dict		CCIA conservation checks are inserted before decision-relevant exploration. High apparent information value is ignored when the measurement violates the declared conservation residual budget.
V2P018	WTDRE	CANONICAL	FAMILY_VARIANT_OR_QUARANTINED	FOUNDRY:P062	PARENT:IM334_IM094_DRE	decision,robustness	6	33	Result,to_dict,wasserstein_tipped_explore		WDTG distance-to-decision-flip becomes an exploration urgency signal. DRE prioritizes the admissible candidate with the nearest declared Wasserstein decision tipping point rather than the largest raw variance.
V2P019	STHA	CANONICAL	DISTINCT_FAMILY	FOUNDRY:P065	PARENT:R014_S781_S792_ACSA	robustness	6	32	Result,support_tipped_holdout,to_dict		SWTE support tipping gates ACSA-style protected holdout selection. If effective support falls below the declared floor, the audit abstains instead of treating the protected mean as stable.
V2P020	PADRE	CANONICAL	FAMILY_VARIANT_OR_QUARANTINED	FOUNDRY:P092	PARENT:IM334_IM094_DRE	measurement,decision	6	33	Result,privacy_accuracy_explore,to_dict		PDAT converts privacy noise into a decision-correctness gate before DRE uses a private measurement. Exploration proceeds only when the declared epsilon/margin shell clears the required action accuracy.
V2P021	BMDRE	CANONICAL	FAMILY_VARIANT_OR_QUARANTINED	FOUNDRY:P093	PARENT:IM334_IM094_DRE	decision,robustness	6	31	Result,belief_metric_explore,to_dict		BMDT supplies a path-local distance-to-action-flip. DRE accepts a reduced belief only when its approximation error is strictly smaller than the declared tipping distance; otherwise it requests full belief resolution.
V2P022	CFDRE	CANONICAL	FAMILY_VARIANT_OR_QUARANTINED	FOUNDRY:P141	PARENT:IM334_IM094_DRE	compression,systems	6	31	Result,closure_fidelity_explore,to_dict		PCFT predictive-closure fidelity is used as a representation gate for DRE. Reduced-state exploration is accepted only above the declared closure floor; otherwise the explorer routes to full predictive state.
V2P023	CODRE	CANONICAL	FAMILY_VARIANT_OR_QUARANTINED	FOUNDRY:P023	PARENT:IM334_IM094_DRE	decision,robustness	6	34	Result,causal_overlap_explore,to_dict		COST overlap sensitivity becomes a support gate for DRE. Candidate exploration that depends on unsupported causal overlap is blocked before its apparent decision leverage can dominate the exploration score.
V2P024	HPDRE	CANONICAL	FAMILY_VARIANT_OR_QUARANTINED	FOUNDRY:P071	PARENT:IM334_IM094_DRE	decision,robustness	6	32	Result,hidden_population_explore,to_dict		HPDT hidden-population tipping bounds are compared with the current action margin. DRE requests hidden-population exploration whenever the unseen-mass effect can overturn the nominal decision.
V2P025	DRFIAC	CANONICAL	FAMILY_VARIANT_OR_QUARANTINED	PARENT:IM334_IM094_DRE	FOUNDRY:P057	measurement,decision	6	32	Result,decision_relevant_firewall,to_dict		DRE prioritization is applied only after FIAC removes suspect-source channels. The product selects the clean channel with the highest decision-relevant value rather than allowing a contaminated high-information channel to win.
V2P026	DRSVCO	CANONICAL	FAMILY_VARIANT_OR_QUARANTINED	PARENT:IM334_IM094_DRE	FOUNDRY:P035	robustness,systems	6	36	Result,decision_relevant_cycle_explore,to_dict		DRE allocates the next stateful-cycle evaluation to the operating point whose uncertainty can most plausibly change the feasible SVCO winner, instead of evaluating the statically highest-throughput point by default.
V2P027	DRMPHA	CANONICAL	FAMILY_VARIANT_OR_QUARANTINED	PARENT:IM334_IM094_DRE	FOUNDRY:P137	decision,robustness	6	34	Result,decision_relevant_holdout_audit,to_dict		DRE orders which policy variants deserve protected audit using development-side uncertainty and leverage only. The protected holdout remains sealed during prioritization; selection is then evaluated only after the audit order is frozen.
V2P028	SCFIAC	CANONICAL	DISTINCT_FAMILY	PARENT:R037_SUPPORT_COVARIANCE_SACPS	FOUNDRY:P057	measurement,safety	6	34	Result,support_constrained_firewall,to_dict		SACPS support validity is applied before FIAC information ranking. Channels that are clean but unsupported are removed alongside suspect channels, preventing a high nominal information score from escaping either safety boundary.
V2P029	SUSCA	CANONICAL	DISTINCT_FAMILY	FOUNDRY:P140	LCB-K003	allocation	8	74	Item,Result,realized,support_adjusted_shared_capacity,to_dict		BOSA-style effective support is not treated as a report attached after allocation. It changes the value ordering that enters a shared-capacity polymatroid allocation and can hard-exclude survivor cohorts below a declared support floor. The composition therefore prevents a nominally valuable but selection-fragile item from consuming capacity shared with better-supported items.
V2P030	PCFDLW	CANONICAL	DISTINCT_FAMILY	FOUNDRY:P141	PARENT:R044_DECISION_LOSS_DLEW	decision,compression,systems	9	72	Result,closure_fidelity_decision_selection,to_dict	numpy	DLEW can correctly optimize downstream action regret and still choose a recursively invalid compressed representation. PCFDLW therefore requires P141-style closure and predictive-fidelity certification before a candidate is allowed into the decision-loss comparison. If no candidate survives, it abstains rather than laundering an invalid state representation through a good current-period decision score.
V2P031	QDRA	CANONICAL	DISTINCT_FAMILY	FOUNDRY:P136	PARENT:IM406_IM037_ACRA	allocation,measurement,decision,robustness	8	68	Result,ValidityRegion,quasineutral_decision_resolution,to_dict		QAIG's validity-boundary idea is lifted from a single acquire/skip decision into a shared resolution budget. ACRA receives consequence weights discounted by the probability that measurement uncertainty can actually change the declared validity decision. A far-from-boundary region therefore cannot monopolize fine resolution merely because its raw consequence number is large.
V2P032	SPITWMR	CANONICAL	DISTINCT_FAMILY	FOUNDRY:P138	PARENT:IM178_IM326_TWMR	decision,robustness,compression,systems	8	56	Result,search_policy_targeted_reduction,to_dict	numpy	SPIA says which latent directions can change the search policy. SPITWMR converts that policy sensitivity into TWMR's protected output, then removes state dimensions while minimizing error in the policy-relevant impulse response. This can retain a low-energy but decision-critical state that ordinary state-energy reduction deletes.
V2P033	VCMF	CANONICAL	DISTINCT_FAMILY	PARENT:IM139_IM250_CCVC	LCB-K048	allocation,measurement,safety,systems	9	65	Result,to_dict,viability_constrained_multifidelity		A cheap channel can be highly correlated and still be unsafe when its bounded bias can push the inferred state across a viable-set boundary. VCMF enumerates fine/cheap measurement counts under budget, minimizes declared estimator MSE, and adds a CCVC-style hard constraint: worst-case cheap-channel bias must fit inside the current viability margin.
V2P034	SCOPG	CANONICAL	DISTINCT_FAMILY	PARENT:R037_SUPPORT_COVARIANCE_SACPS	LCB-K081	measurement,decision,systems	8	52	Result,support_constrained_policy_backaction,to_dict	numpy	K081 removes passive-state confounding before estimating measurement-policy backaction, but the regression can still be numerically identified by a handful of effectively weighted observations. SCOPG adds SACPS-style support geometry: effective sample size and the weighted design covariance must both be adequate before the policy coefficient is emitted.
V2P035	ISTAICC	CANONICAL	DISTINCT_FAMILY	LCB-K074	PARENT:IM359_IM014_AICC	measurement,decision	8	78	Channel,Result,F,tipping_aware_information_acquisition,to_dict		Ordinary information acquisition is myopic: channel value is immediate decision improvement minus cost. When acquisition friction and participation reinforce one another, a small measurement can move the system between low- and high-search equilibria. ISTAICC therefore adds the continuation value of the reachable participation equilibrium to the AICC-style channel score.
V2P036	PCFMCSC	CANONICAL	DISTINCT_FAMILY	FOUNDRY:P141	PARENT:R018_M866_M880_MCSC	robustness,safety,compression,calibration,systems,finance	8	46	Result,closure_fidelity_monotonicity,to_dict		PCFT maps where predictive-state merging fails, but a single nearest tipping point can hide recovery or reversal farther along the tolerance path. PCFMCSC treats the PCFT joint margin as an ordered payoff table and checks the structural direction explicitly. It returns the first monotonicity violation and all safe tolerance intervals rather than assuming one threshold separates good from bad compression.
V2P037	DWPCFT	CANONICAL	DISTINCT_FAMILY	LCB-K084	FOUNDRY:P141	allocation,robustness,compression,calibration	8	53	Point,Result,decision_weighted_pcft_calibration,to_dict		PCFT can identify a merge-tolerance boundary while still spending calibration samples uniformly across harmless and consequential parts of that boundary. DWPCFT allocates a finite calibration budget by downstream consequence and inverse distance to the closure/fidelity boundary, using the diminishing marginal reduction of an explicit inverse-square-root uncertainty proxy.
V2P038	BOSARO	CANONICAL	DISTINCT_FAMILY	FOUNDRY:P140	LCB-K068	robustness	8	57	Result,support_aware_robust_optimizer,to_dict	numpy	A declared shift radius is too optimistic when the cohort supporting the estimate has eroded. BOSARO converts BOSA effective support into the radius of K068's admissible directional uncertainty set: radius grows as inverse square root of effective support. The robust optimizer then reduces exposure to the fragile shift direction rather than merely reporting that support is weak.
V2P039	SCCATF	CANONICAL	DISTINCT_FAMILY	PARENT:R037_SUPPORT_COVARIANCE_SACPS	FOUNDRY:P033	decision	8	72	local_loss,support_covariance_coupled_allocation	numpy	
V2P040	BMCAPL	CANONICAL	DISTINCT_FAMILY	FOUNDRY:P093	PARENT:R041_CONSTRAINED_POLICY_CAPL	decision	8	59	belief_margin_constrained_policy,tipping_distance	numpy	
V2P041	CDTDLEW	CANONICAL	DISTINCT_FAMILY	FOUNDRY:P082	PARENT:R044_DECISION_LOSS_DLEW	decision	8	64	channel_tipping_robust_selection,dominance_tipping	numpy	
V2P042	ATSCWC	CANONICAL	DISTINCT_FAMILY	LCB-K041	PARENT:IM340_IM280_CWC	allocation,measurement,decision,safety,calibration,systems	8	87	compare_active_vs_fixed	numpy	
V2P043	CBSCG	CANONICAL	DISTINCT_FAMILY	FOUNDRY:P079	LCB-K064	measurement,decision,systems	8	81	boundary_information_capacity_choice,costs	numpy	
V2P044	PIPEG	CANONICAL	FAMILY_VARIANT_OR_QUARANTINED	PARENT:R001_C313_BPISD	LCB-K065	measurement,decision,systems	8	77	producer_incentive_aware_persuasion	numpy	
V2P045	FPTWC	CANONICAL	FAMILY_VARIANT_OR_QUARANTINED	FOUNDRY:P030	LCB-K086	allocation,robustness,memory,systems	8	59	run,tipping_aware_testing_wealth		
V2P046	MTCWC	CANONICAL	DISTINCT_FAMILY	FOUNDRY:P037	PARENT:IM340_IM280_CWC	robustness,calibration,systems	8	70	compare,tipping_reset_calibration,violation	numpy,scipy	
V2P048	CBIACCVC	CANONICAL	FAMILY_VARIANT_OR_QUARANTINED	FOUNDRY:P079	PARENT:IM139_IM250_CCVC	measurement,decision,safety,systems	8	68	filtered,next_state,safety_boundary_information_choice,violation	numpy	
V2P049	SACAPL	CANONICAL	DISTINCT_FAMILY	PARENT:R037_SUPPORT_COVARIANCE_SACPS	PARENT:R041_CONSTRAINED_POLICY_CAPL	allocation,decision,finance	10	515	CovariancePolicyMetrics,support_covariance_aware_policy,to_dict	numpy	R037 SACPS is composed directly with R041 CAPL. CAPL's constrained linear-softmax action map and turnover/cap feasibility rules are retained, while SACPS covariance replaces the unstructured sample covariance inside the policy risk objective.
V2P050	SCIG	CANONICAL	DISTINCT_FAMILY	PARENT:R037_SUPPORT_COVARIANCE_SACPS	PARENT:IM445_IM085_CSID	allocation,measurement,safety,compression,calibration,finance	13	313	find,load,support_covariance_independence_guard,union	numpy	SCIG composes R037 SACPS with CSID's safeguard portfolio engine. CSID already prevents same-label evidence families from being multiplied as if independent. SCIG targets the remaining failure: differently named evidence channels can still be common-mode. A support-aware covariance estimate can merge those channels into the same dependence component before CSID evaluates coverage and chooses a portfolio.
V2P051	SACDLW	CANONICAL	DISTINCT_FAMILY	PARENT:R037_SUPPORT_COVARIANCE_SACPS	PARENT:R044_DECISION_LOSS_DLEW	decision,systems	12	356	RiskDecisionMetrics,support_covariance_decision_loss_workbench,to_dict	numpy	R037 SACPS composes with R044 DLEW by placing support-aware covariance directly inside DLEW's finite-action utility before action argmax and model-selection regret are computed. The removal control holds the DLEW shell fixed and restores raw sample covariance.
V2P052	REICAPL	CANONICAL	DISTINCT_FAMILY	FOUNDRY:P028	PARENT:R041_CONSTRAINED_POLICY_CAPL	decision	12	468	HeterogeneousCapAudit,REICAPLResult,learn_relational_evidence_constrained_policy,to_dict	numpy	Candidate composition: `FOUNDRY:P028 REIS -> PARENT:R041 CAPL`.
V2P053	SWCAPL	CANONICAL	DISTINCT_FAMILY	FOUNDRY:P090	PARENT:R041_CONSTRAINED_POLICY_CAPL	decision	12	363	SWCAPLResult,WeightedPolicyMetrics,evaluate,learn_support_weighted_policy,to_dict	numpy	Composition: `P090 SWDL -> R041 CAPL`.
V2P054	CADSBC	CANONICAL	DISTINCT_FAMILY	PARENT:IM406_IM037_ACRA	PARENT:R039_DECISION_BELIEF_DSBC	allocation,decision,compression,systems	13	117	Allocation,candidate,consequence_adaptive_modes,evaluate,removal_control,to_dict	numpy	Consequence allocates a fixed representation budget before DSBC-style compression. The removal control spends the same budget in a consequence-blind deterministic order. Minimum and maximum budgets collapse exactly; wrong consequence ranking remains an explicit failure region.
V2P055	DLSAICC	CANONICAL	DISTINCT_FAMILY	PARENT:R044_DECISION_LOSS_DLEW	PARENT:IM359_IM014_AICC	measurement,decision,systems	13	96	ChannelDecision,Model,aicc_value,candidate,removal_control,to_dict	numpy	DLEW selects a predictive model by downstream decision regret; that model's declared Gaussian error geometry enters AICC channel valuation. The removal control selects by prediction RMSE. Free measurement, prohibitive cost and agreeing rankings expose collapse regions.
V2P056	SACRDSBC	CANONICAL	DISTINCT_FAMILY	PARENT:R037_SUPPORT_COVARIANCE_SACPS	PARENT:R039_DECISION_BELIEF_DSBC	decision,robustness,safety,compression,systems	14	126	MergeDecision,nominal_control,robust_merge,support_covariance,to_dict	numpy	Coordinate-aligned estimation errors are converted to a support-aware covariance. Directional uncertainty stress then enters DSBC merge admissibility. Zero covariance collapses to nominal DSBC; uncertifiable singleton states fail closed.
V2P057	REOC	CANONICAL	DISTINCT_FAMILY	FOUNDRY:P017	LCB-K090	measurement,safety,calibration,systems	15	113	SensorSelection,actual_task_score,removal_control,select,to_dict	numpy	Explicit record-to-hidden-state alignment turns RECS posterior×consequence values into column weights before the existing rank/conditioning coverage planner selects sensors. Uniform risk collapses to the control; miscalibrated declared risk can hurt actual task coverage.
V2P058	SACATRC	CANONICAL	DISTINCT_FAMILY	PARENT:R037_SUPPORT_COVARIANCE_SACPS	PARENT:R045_TARGET_MEMORY_ATRC	safety,memory,systems	14	212	EvictionDecision,choose_eviction,downstream_gain,to_dict	numpy	ATRC first defines the only deletions that are admissible under target-loss tolerance. SACPS-style supported covariance then ranks redundancy strictly inside that safe set. The removal control is plain ATRC minimum deletion loss.
