product_id	short_name	salvage_status	parents	promotion_state_claim	source_files	test_files	result_present	benchmark_files	strength_salvaged	weakness_salvaged	artifact_paths	reconstruction_rule
P001	DREW	FULL_SOURCE_AND_TEST	ACSA + DLEW + TDSX + SCE + MDDC + optional MIFF		__init__.py;acsa.py;benchmark_route_a.py;dlew.py;drew.py;mddc.py;miff.py;real_data_pilot_digits.py;sce.py;tdsx.py;test_drew.py	test_drew.py	yes	BENCHMARK_RESULT.json;REAL_DATA_PILOT_DIGITS.json	yes	no	INPUT_PRODUCT_FOUNDRY_BASE_P007_2026-08-25/LABALLCOMPASS_PRODUCT_INTERACTION_FOUNDRY_WORK/03_OUTPUT/PRODUCTS/P001_DREW;INPUT_PRODUCT_FOUNDRY_P134_2026-08-25/HANDOFF_LABALLCOMPASS_PRODUCT_FOUNDRY_P134_2026-08-25/CURRENT_DELTA/03_OUTPUT/PRODUCTS/P001_DREW	verify supplied source/tests; do not recreate
P002	DCPS	FULL_SOURCE_AND_TEST	PSCT + DSBC + CAPL + DLEW		__init__.py;benchmark_route_b.py;capl.py;dcps.py;dlew.py;dsbc.py;psct.py;test_dcps.py	test_dcps.py	yes	BENCHMARK_RESULT.json	yes	yes	INPUT_PRODUCT_FOUNDRY_BASE_P007_2026-08-25/LABALLCOMPASS_PRODUCT_INTERACTION_FOUNDRY_WORK/03_OUTPUT/PRODUCTS/P002_DCPS;INPUT_PRODUCT_FOUNDRY_P134_2026-08-25/HANDOFF_LABALLCOMPASS_PRODUCT_FOUNDRY_P134_2026-08-25/CURRENT_DELTA/03_OUTPUT/PRODUCTS/P002_DCPS	verify supplied source/tests; do not recreate
P003	SANP	FULL_SOURCE_AND_TEST	UNEXTRACTED	WORKING_COMPOSITION / SYNTHETIC_BENCHMARK	__init__.py;benchmark_route_c.py;enpc.py;sacps.py;sanp.py;test_sanp.py	test_sanp.py	yes	BENCHMARK_RESULT.json	no	no	INPUT_PRODUCT_FOUNDRY_BASE_P007_2026-08-25/LABALLCOMPASS_PRODUCT_INTERACTION_FOUNDRY_WORK/03_OUTPUT/PRODUCTS/P003_SANP;INPUT_PRODUCT_FOUNDRY_P134_2026-08-25/HANDOFF_LABALLCOMPASS_PRODUCT_FOUNDRY_P134_2026-08-25/CURRENT_DELTA/03_OUTPUT/PRODUCTS/P003_SANP	verify supplied source/tests; do not recreate
P004	BAMI	FULL_SOURCE_AND_TEST	UNEXTRACTED	WORKING_COMPOSITION / SYNTHETIC_DECISION_BENCHMARK	__init__.py;bami.py;ebc.py;mbpf.py;mcris.py;tdsx.py;test_bami.py	test_bami.py	yes	BENCHMARK_RESULT.json	no	no	INPUT_PRODUCT_FOUNDRY_BASE_P007_2026-08-25/LABALLCOMPASS_PRODUCT_INTERACTION_FOUNDRY_WORK/03_OUTPUT/PRODUCTS/P004_BAMI	verify supplied source/tests; do not recreate
P005	CARF	FULL_SOURCE_AND_TEST	UNEXTRACTED	WORKING_COMPOSITION / CERTIFICATE-SCOPE ROUTER	__init__.py;bred.py;carf.py;corma.py;dsbc.py;ote.py;psct.py;salc.py;test_carf.py;tsrc.py;twmr.py	test_carf.py	yes	BENCHMARK_RESULT.json	no	no	INPUT_PRODUCT_FOUNDRY_BASE_P007_2026-08-25/LABALLCOMPASS_PRODUCT_INTERACTION_FOUNDRY_WORK/03_OUTPUT/PRODUCTS/P005_CARF;INPUT_PRODUCT_FOUNDRY_P134_2026-08-25/HANDOFF_LABALLCOMPASS_PRODUCT_FOUNDRY_P134_2026-08-25/CURRENT_DELTA/03_OUTPUT/PRODUCTS/P005_CARF	verify supplied source/tests; do not recreate
P006	VPRL	FULL_SOURCE_AND_TEST	UNEXTRACTED	WORKING_COMPOSITION / SYNTHETIC ACCOUNTING BENCHMARK	__init__.py;lcm.py;priu.py;test_vprl.py;vprl.py	test_vprl.py	yes	BENCHMARK_RESULT.json	no	no	INPUT_PRODUCT_FOUNDRY_BASE_P007_2026-08-25/LABALLCOMPASS_PRODUCT_INTERACTION_FOUNDRY_WORK/03_OUTPUT/PRODUCTS/P006_VPRL;INPUT_PRODUCT_FOUNDRY_P134_2026-08-25/HANDOFF_LABALLCOMPASS_PRODUCT_FOUNDRY_P134_2026-08-25/CURRENT_DELTA/03_OUTPUT/PRODUCTS/P006_VPRL	verify supplied source/tests; do not recreate
P007	VCPA	FULL_SOURCE_AND_TEST	UNEXTRACTED	WORKING_COMPOSITION / SYNTHETIC CAPITAL-MARKET BENCHMARK	__init__.py;lcm.py;mcpr.py;priu.py;test_vcpa.py;vcpa.py	test_vcpa.py	yes	BENCHMARK_RESULT.json	no	no	INPUT_PRODUCT_FOUNDRY_BASE_P007_2026-08-25/LABALLCOMPASS_PRODUCT_INTERACTION_FOUNDRY_WORK/03_OUTPUT/PRODUCTS/P007_VCPA;INPUT_PRODUCT_FOUNDRY_P134_2026-08-25/HANDOFF_LABALLCOMPASS_PRODUCT_FOUNDRY_P134_2026-08-25/CURRENT_DELTA/03_OUTPUT/PRODUCTS/P007_VCPA	verify supplied source/tests; do not recreate
P008	CCTD	PARTIAL_SOURCE_NO_TEST			cctd.py		no	REAL_DATA_PILOT_DIABETES.json	no	no	INPUT_PRODUCT_FOUNDRY_P134_2026-08-25/HANDOFF_LABALLCOMPASS_PRODUCT_FOUNDRY_P134_2026-08-25/CURRENT_DELTA/03_OUTPUT/PRODUCTS/P008_CCTD	rebuild from parent contracts, result evidence, strengths, weaknesses, and benchmarks; new code is a reconstruction, not byte-identical recovery
P009		HISTORICAL_GAP_NO_MATERIALIZED_ARTIFACT					no		no	no		recover parent mapping from another archive/chat before implementation; do not invent historical identity
P010		HISTORICAL_GAP_NO_MATERIALIZED_ARTIFACT					no		no	no		recover parent mapping from another archive/chat before implementation; do not invent historical identity
P011		HISTORICAL_GAP_NO_MATERIALIZED_ARTIFACT					no		no	no		recover parent mapping from another archive/chat before implementation; do not invent historical identity
P012	PQDR	PARTIAL_SOURCE_NO_TEST			pqdr.py		no		no	no	INPUT_PRODUCT_FOUNDRY_P134_2026-08-25/HANDOFF_LABALLCOMPASS_PRODUCT_FOUNDRY_P134_2026-08-25/CURRENT_DELTA/03_OUTPUT/PRODUCTS/P012_PQDR	rebuild from parent contracts, result evidence, strengths, weaknesses, and benchmarks; new code is a reconstruction, not byte-identical recovery
P013	CFDR	PARTIAL_SOURCE_NO_TEST			cfdr.py		no		no	no	INPUT_PRODUCT_FOUNDRY_P134_2026-08-25/HANDOFF_LABALLCOMPASS_PRODUCT_FOUNDRY_P134_2026-08-25/CURRENT_DELTA/03_OUTPUT/PRODUCTS/P013_CFDR	rebuild from parent contracts, result evidence, strengths, weaknesses, and benchmarks; new code is a reconstruction, not byte-identical recovery
P014	DARI	BENCHMARK_ONLY_RECONSTRUCTION_REQUIRED					no	BENCHMARK_RESULT.json	no	no	INPUT_PRODUCT_FOUNDRY_P134_2026-08-25/HANDOFF_LABALLCOMPASS_PRODUCT_FOUNDRY_P134_2026-08-25/CURRENT_DELTA/03_OUTPUT/PRODUCTS/P014_DARI	rebuild from parent contracts, result evidence, strengths, weaknesses, and benchmarks; new code is a reconstruction, not byte-identical recovery
P015	CPDR	BENCHMARK_ONLY_RECONSTRUCTION_REQUIRED					no	BENCHMARK_RESULT.json	no	no	INPUT_PRODUCT_FOUNDRY_P134_2026-08-25/HANDOFF_LABALLCOMPASS_PRODUCT_FOUNDRY_P134_2026-08-25/CURRENT_DELTA/03_OUTPUT/PRODUCTS/P015_CPDR	rebuild from parent contracts, result evidence, strengths, weaknesses, and benchmarks; new code is a reconstruction, not byte-identical recovery
P016	CATR	RESULT_ONLY_RECONSTRUCTION_REQUIRED	CWC -> prequential interval upper endpoint -> DTTC candidate-signal competition.	UNEXTRACTED			yes	BENCHMARK_RESULT.json	yes	yes	INPUT_PRODUCT_FOUNDRY_P134_2026-08-25/HANDOFF_LABALLCOMPASS_PRODUCT_FOUNDRY_P134_2026-08-25/CURRENT_DELTA/03_OUTPUT/PRODUCTS/P016_CATR	rebuild from parent contracts, result evidence, strengths, weaknesses, and benchmarks; new code is a reconstruction, not byte-identical recovery
P017	RECS	RESULT_ONLY_RECONSTRUCTION_REQUIRED	REL discrepancy localization -> record-level marginal culprit posterior -> CSID safeguard portfolio.	UNEXTRACTED			yes	BENCHMARK_RESULT.json	yes	yes	INPUT_PRODUCT_FOUNDRY_P134_2026-08-25/HANDOFF_LABALLCOMPASS_PRODUCT_FOUNDRY_P134_2026-08-25/CURRENT_DELTA/03_OUTPUT/PRODUCTS/P017_RECS	rebuild from parent contracts, result evidence, strengths, weaknesses, and benchmarks; new code is a reconstruction, not byte-identical recovery
P018	DPCG	RESULT_ONLY_RECONSTRUCTION_REQUIRED	DTPR private action/selection releases -> PPSA global privacy accounting.	UNEXTRACTED			yes	BENCHMARK_RESULT.json	yes	yes	INPUT_PRODUCT_FOUNDRY_P134_2026-08-25/HANDOFF_LABALLCOMPASS_PRODUCT_FOUNDRY_P134_2026-08-25/CURRENT_DELTA/03_OUTPUT/PRODUCTS/P018_DPCG	rebuild from parent contracts, result evidence, strengths, weaknesses, and benchmarks; new code is a reconstruction, not byte-identical recovery
P019	DATC	RESULT_ONLY_RECONSTRUCTION_REQUIRED	DSDA sequential subcritical-damage evidence -> DTTC signal/threshold competition.	UNEXTRACTED			yes	BENCHMARK_RESULT.json	yes	yes	INPUT_PRODUCT_FOUNDRY_P134_2026-08-25/HANDOFF_LABALLCOMPASS_PRODUCT_FOUNDRY_P134_2026-08-25/CURRENT_DELTA/03_OUTPUT/PRODUCTS/P019_DATC	rebuild from parent contracts, result evidence, strengths, weaknesses, and benchmarks; new code is a reconstruction, not byte-identical recovery
P020		HISTORICAL_GAP_NO_MATERIALIZED_ARTIFACT					no		no	no		recover parent mapping from another archive/chat before implementation; do not invent historical identity
P021		HISTORICAL_GAP_NO_MATERIALIZED_ARTIFACT					no		no	no		recover parent mapping from another archive/chat before implementation; do not invent historical identity
P022		HISTORICAL_GAP_NO_MATERIALIZED_ARTIFACT					no		no	no		recover parent mapping from another archive/chat before implementation; do not invent historical identity
P023		HISTORICAL_GAP_NO_MATERIALIZED_ARTIFACT					no		no	no		recover parent mapping from another archive/chat before implementation; do not invent historical identity
P024		HISTORICAL_GAP_NO_MATERIALIZED_ARTIFACT					no		no	no		recover parent mapping from another archive/chat before implementation; do not invent historical identity
P025	IDRE	RESULT_ONLY_RECONSTRUCTION_REQUIRED	DFDPE derivative-free persistence identification -> DTRM finite-horizon decision envelope.	UNEXTRACTED			yes		yes	yes	INPUT_PRODUCT_FOUNDRY_P134_2026-08-25/HANDOFF_LABALLCOMPASS_PRODUCT_FOUNDRY_P134_2026-08-25/CURRENT_DELTA/03_OUTPUT/PRODUCTS/P025_IDRE	rebuild from parent contracts, result evidence, strengths, weaknesses, and benchmarks; new code is a reconstruction, not byte-identical recovery
P026	DBTE	RESULT_ONLY_RECONSTRUCTION_REQUIRED	CDBL deadline-aware deployability LP -> TDSX capacity tipping surface.	UNEXTRACTED			yes		yes	yes	INPUT_PRODUCT_FOUNDRY_P134_2026-08-25/HANDOFF_LABALLCOMPASS_PRODUCT_FOUNDRY_P134_2026-08-25/CURRENT_DELTA/03_OUTPUT/PRODUCTS/P026_DBTE	rebuild from parent contracts, result evidence, strengths, weaknesses, and benchmarks; new code is a reconstruction, not byte-identical recovery
P027	IDAC	RESULT_ONLY_RECONSTRUCTION_REQUIRED	CDBL continuous time-expanded deployment LP -> RIC exact total-unimodularity/integrality audit.	UNEXTRACTED			yes		yes	yes	INPUT_PRODUCT_FOUNDRY_P134_2026-08-25/HANDOFF_LABALLCOMPASS_PRODUCT_FOUNDRY_P134_2026-08-25/CURRENT_DELTA/03_OUTPUT/PRODUCTS/P027_IDAC	rebuild from parent contracts, result evidence, strengths, weaknesses, and benchmarks; new code is a reconstruction, not byte-identical recovery
P028	REIS	RESULT_ONLY_RECONSTRUCTION_REQUIRED	REL discrepancy localization -> BICC empirical downstream replacement impact -> CSID safeguard portfolio.	UNEXTRACTED			yes		yes	yes	INPUT_PRODUCT_FOUNDRY_P134_2026-08-25/HANDOFF_LABALLCOMPASS_PRODUCT_FOUNDRY_P134_2026-08-25/CURRENT_DELTA/03_OUTPUT/PRODUCTS/P028_REIS	rebuild from parent contracts, result evidence, strengths, weaknesses, and benchmarks; new code is a reconstruction, not byte-identical recovery
P029	RATR	RESULT_ONLY_RECONSTRUCTION_REQUIRED	TWMR target-weighted coordinate reduction -> HMRM current hidden-mode recovery guard.	UNEXTRACTED			yes		yes	yes	INPUT_PRODUCT_FOUNDRY_P134_2026-08-25/HANDOFF_LABALLCOMPASS_PRODUCT_FOUNDRY_P134_2026-08-25/CURRENT_DELTA/03_OUTPUT/PRODUCTS/P029_RATR	rebuild from parent contracts, result evidence, strengths, weaknesses, and benchmarks; new code is a reconstruction, not byte-identical recovery
P030	FPTE	RESULT_ONLY_RECONSTRUCTION_REQUIRED	MFPA baseline multi-route architecture design -> TDSX frozen-architecture retention tipping surface.	UNEXTRACTED			yes		yes	yes	INPUT_PRODUCT_FOUNDRY_P134_2026-08-25/HANDOFF_LABALLCOMPASS_PRODUCT_FOUNDRY_P134_2026-08-25/CURRENT_DELTA/03_OUTPUT/PRODUCTS/P030_FPTE	rebuild from parent contracts, result evidence, strengths, weaknesses, and benchmarks; new code is a reconstruction, not byte-identical recovery
P031	EVLT	RESULT_ONLY_RECONSTRUCTION_REQUIRED	UNEXTRACTED	UNEXTRACTED			yes		no	yes	INPUT_PRODUCT_FOUNDRY_P134_2026-08-25/HANDOFF_LABALLCOMPASS_PRODUCT_FOUNDRY_P134_2026-08-25/CURRENT_DELTA/03_OUTPUT/PRODUCTS/P031_EVLT	rebuild from parent contracts, result evidence, strengths, weaknesses, and benchmarks; new code is a reconstruction, not byte-identical recovery
P032	SGOT	RESULT_ONLY_RECONSTRUCTION_REQUIRED	UNEXTRACTED	UNEXTRACTED			yes		no	yes	INPUT_PRODUCT_FOUNDRY_P134_2026-08-25/HANDOFF_LABALLCOMPASS_PRODUCT_FOUNDRY_P134_2026-08-25/CURRENT_DELTA/03_OUTPUT/PRODUCTS/P032_SGOT	rebuild from parent contracts, result evidence, strengths, weaknesses, and benchmarks; new code is a reconstruction, not byte-identical recovery
P033	CATF	RESULT_ONLY_RECONSTRUCTION_REQUIRED	UNEXTRACTED	UNEXTRACTED			yes		no	yes	INPUT_PRODUCT_FOUNDRY_P134_2026-08-25/HANDOFF_LABALLCOMPASS_PRODUCT_FOUNDRY_P134_2026-08-25/CURRENT_DELTA/03_OUTPUT/PRODUCTS/P033_CATF	rebuild from parent contracts, result evidence, strengths, weaknesses, and benchmarks; new code is a reconstruction, not byte-identical recovery
P034	UGIM	RESULT_ONLY_RECONSTRUCTION_REQUIRED	UNEXTRACTED	UNEXTRACTED			yes		no	yes	INPUT_PRODUCT_FOUNDRY_P134_2026-08-25/HANDOFF_LABALLCOMPASS_PRODUCT_FOUNDRY_P134_2026-08-25/CURRENT_DELTA/03_OUTPUT/PRODUCTS/P034_UGIM	rebuild from parent contracts, result evidence, strengths, weaknesses, and benchmarks; new code is a reconstruction, not byte-identical recovery
P035	SVCO	RESULT_ONLY_RECONSTRUCTION_REQUIRED	UNEXTRACTED	UNEXTRACTED			yes		no	yes	INPUT_PRODUCT_FOUNDRY_P134_2026-08-25/HANDOFF_LABALLCOMPASS_PRODUCT_FOUNDRY_P134_2026-08-25/CURRENT_DELTA/03_OUTPUT/PRODUCTS/P035_SVCO	rebuild from parent contracts, result evidence, strengths, weaknesses, and benchmarks; new code is a reconstruction, not byte-identical recovery
P036	MAWT	RESULT_ONLY_RECONSTRUCTION_REQUIRED	UNEXTRACTED	UNEXTRACTED			yes		no	yes	INPUT_PRODUCT_FOUNDRY_P134_2026-08-25/HANDOFF_LABALLCOMPASS_PRODUCT_FOUNDRY_P134_2026-08-25/CURRENT_DELTA/03_OUTPUT/PRODUCTS/P036_MAWT	rebuild from parent contracts, result evidence, strengths, weaknesses, and benchmarks; new code is a reconstruction, not byte-identical recovery
P037	MCST	RESULT_ONLY_RECONSTRUCTION_REQUIRED	UNEXTRACTED	UNEXTRACTED			yes		no	yes	INPUT_PRODUCT_FOUNDRY_P134_2026-08-25/HANDOFF_LABALLCOMPASS_PRODUCT_FOUNDRY_P134_2026-08-25/CURRENT_DELTA/03_OUTPUT/PRODUCTS/P037_MCST	rebuild from parent contracts, result evidence, strengths, weaknesses, and benchmarks; new code is a reconstruction, not byte-identical recovery
P038	LIDA	RESULT_ONLY_RECONSTRUCTION_REQUIRED	UNEXTRACTED	UNEXTRACTED			yes		no	yes	INPUT_PRODUCT_FOUNDRY_P134_2026-08-25/HANDOFF_LABALLCOMPASS_PRODUCT_FOUNDRY_P134_2026-08-25/CURRENT_DELTA/03_OUTPUT/PRODUCTS/P038_LIDA	rebuild from parent contracts, result evidence, strengths, weaknesses, and benchmarks; new code is a reconstruction, not byte-identical recovery
P039	CACF	RESULT_ONLY_RECONSTRUCTION_REQUIRED	UNEXTRACTED	UNEXTRACTED			yes		no	yes	INPUT_PRODUCT_FOUNDRY_P134_2026-08-25/HANDOFF_LABALLCOMPASS_PRODUCT_FOUNDRY_P134_2026-08-25/CURRENT_DELTA/03_OUTPUT/PRODUCTS/P039_CACF	rebuild from parent contracts, result evidence, strengths, weaknesses, and benchmarks; new code is a reconstruction, not byte-identical recovery
P040	BAPC	RESULT_ONLY_RECONSTRUCTION_REQUIRED	UNEXTRACTED	UNEXTRACTED			yes		no	yes	INPUT_PRODUCT_FOUNDRY_P134_2026-08-25/HANDOFF_LABALLCOMPASS_PRODUCT_FOUNDRY_P134_2026-08-25/CURRENT_DELTA/03_OUTPUT/PRODUCTS/P040_BAPC	rebuild from parent contracts, result evidence, strengths, weaknesses, and benchmarks; new code is a reconstruction, not byte-identical recovery
P041	DDER	RESULT_ONLY_RECONSTRUCTION_REQUIRED	UNEXTRACTED	UNEXTRACTED			yes		no	yes	INPUT_PRODUCT_FOUNDRY_P134_2026-08-25/HANDOFF_LABALLCOMPASS_PRODUCT_FOUNDRY_P134_2026-08-25/CURRENT_DELTA/03_OUTPUT/PRODUCTS/P041_DDER	rebuild from parent contracts, result evidence, strengths, weaknesses, and benchmarks; new code is a reconstruction, not byte-identical recovery
P042	HPMD	RESULT_ONLY_RECONSTRUCTION_REQUIRED	UNEXTRACTED	UNEXTRACTED			yes		no	yes	INPUT_PRODUCT_FOUNDRY_P134_2026-08-25/HANDOFF_LABALLCOMPASS_PRODUCT_FOUNDRY_P134_2026-08-25/CURRENT_DELTA/03_OUTPUT/PRODUCTS/P042_HPMD	rebuild from parent contracts, result evidence, strengths, weaknesses, and benchmarks; new code is a reconstruction, not byte-identical recovery
P043	DABR	RESULT_ONLY_RECONSTRUCTION_REQUIRED	BRED → DLEW. BRED supplies stable reduced-order candidates; DLEW evaluates the downstream actions induced by those reduced outputs on protected episodes.	WORKING_COMPOSITION / SYNTHETIC DECISION BENCHMARK			yes		yes	yes	INPUT_PRODUCT_FOUNDRY_P134_2026-08-25/HANDOFF_LABALLCOMPASS_PRODUCT_FOUNDRY_P134_2026-08-25/CURRENT_DELTA/03_OUTPUT/PRODUCTS/P043_DABR	rebuild from parent contracts, result evidence, strengths, weaknesses, and benchmarks; new code is a reconstruction, not byte-identical recovery
P044	MFTS	RESULT_ONLY_RECONSTRUCTION_REQUIRED	FCMS → TDSX. FCMS certifies rank-one-compatible laminate construction; TDSX finds where fabrication assumptions make that same mathematical laminate unmanufacturable.	WORKING_COMPOSITION / FABRICATION TIPPING BENCHMARK			yes		yes	yes	INPUT_PRODUCT_FOUNDRY_P134_2026-08-25/HANDOFF_LABALLCOMPASS_PRODUCT_FOUNDRY_P134_2026-08-25/CURRENT_DELTA/03_OUTPUT/PRODUCTS/P044_MFTS	rebuild from parent contracts, result evidence, strengths, weaknesses, and benchmarks; new code is a reconstruction, not byte-identical recovery
P045	BDTS	RESULT_ONLY_RECONSTRUCTION_REQUIRED	PCBE → TDSX. The tipping metric is the minimum of normalized spanning-path bottleneck and normalized system-level conductance jump, so threshold crossing requires both PCBE breakthrough conditions.	WORKING_COMPOSITION / BREAKTHROUGH TIPPING BENCHMARK			yes		yes	no	INPUT_PRODUCT_FOUNDRY_P134_2026-08-25/HANDOFF_LABALLCOMPASS_PRODUCT_FOUNDRY_P134_2026-08-25/CURRENT_DELTA/03_OUTPUT/PRODUCTS/P045_BDTS	rebuild from parent contracts, result evidence, strengths, weaknesses, and benchmarks; new code is a reconstruction, not byte-identical recovery
P046	DTRC	RESULT_ONLY_RECONSTRUCTION_REQUIRED	SRCD → DLEW. SRCD creates truthful contracts for declared statistical targets; DLEW selects among valid contracts by the downstream capacity decisions their reports induce.	WORKING_COMPOSITION / DECISION-TARGETED INCENTIVE BENCHMARK			yes		yes	no	INPUT_PRODUCT_FOUNDRY_P134_2026-08-25/HANDOFF_LABALLCOMPASS_PRODUCT_FOUNDRY_P134_2026-08-25/CURRENT_DELTA/03_OUTPUT/PRODUCTS/P046_DTRC	rebuild from parent contracts, result evidence, strengths, weaknesses, and benchmarks; new code is a reconstruction, not byte-identical recovery
P047	RALA	RESULT_ONLY_RECONSTRUCTION_REQUIRED	SALC → HMRM. SALC certifies block-transition lumpability; HMRM checks whether consequence-bearing slow modes survive inside a block and are invisible to the aggregate state.	WORKING_COMPOSITION / HIDDEN-MODE AGGREGATION BENCHMARK			yes		yes	no	INPUT_PRODUCT_FOUNDRY_P134_2026-08-25/HANDOFF_LABALLCOMPASS_PRODUCT_FOUNDRY_P134_2026-08-25/CURRENT_DELTA/03_OUTPUT/PRODUCTS/P047_RALA	rebuild from parent contracts, result evidence, strengths, weaknesses, and benchmarks; new code is a reconstruction, not byte-identical recovery
P048	SARA	RESULT_ONLY_RECONSTRUCTION_REQUIRED	CORMA → BRED. CORMA defines the structural controllable-observable minimum dimension; BRED may reduce below it only by spending approximation error.	WORKING_COMPOSITION / REDUCTION-CLAIM AUDIT			yes		yes	no	INPUT_PRODUCT_FOUNDRY_P134_2026-08-25/HANDOFF_LABALLCOMPASS_PRODUCT_FOUNDRY_P134_2026-08-25/CURRENT_DELTA/03_OUTPUT/PRODUCTS/P048_SARA	rebuild from parent contracts, result evidence, strengths, weaknesses, and benchmarks; new code is a reconstruction, not byte-identical recovery
P049	OGRM	RESULT_ONLY_RECONSTRUCTION_REQUIRED	CORMA → HMRM. A current resilience alarm is cross-checked against the measurement matrix's gain on the risky eigenmode.	WORKING_COMPOSITION / MONITORABILITY BENCHMARK			yes		yes	no	INPUT_PRODUCT_FOUNDRY_P134_2026-08-25/HANDOFF_LABALLCOMPASS_PRODUCT_FOUNDRY_P134_2026-08-25/CURRENT_DELTA/03_OUTPUT/PRODUCTS/P049_OGRM	rebuild from parent contracts, result evidence, strengths, weaknesses, and benchmarks; new code is a reconstruction, not byte-identical recovery
P050	CPWT	RESULT_ONLY_RECONSTRUCTION_REQUIRED	CSDC → TDSX. TDSX searches mobility/time process settings, while CSDC supplies both coarsening target attainment and a numerical material-conservation diagnostic.	WORKING_COMPOSITION / PROCESS-WINDOW BENCHMARK			yes		yes	no	INPUT_PRODUCT_FOUNDRY_P134_2026-08-25/HANDOFF_LABALLCOMPASS_PRODUCT_FOUNDRY_P134_2026-08-25/CURRENT_DELTA/03_OUTPUT/PRODUCTS/P050_CPWT	rebuild from parent contracts, result evidence, strengths, weaknesses, and benchmarks; new code is a reconstruction, not byte-identical recovery
P051		HISTORICAL_GAP_NO_MATERIALIZED_ARTIFACT					no		no	no		recover parent mapping from another archive/chat before implementation; do not invent historical identity
P052		HISTORICAL_GAP_NO_MATERIALIZED_ARTIFACT					no		no	no		recover parent mapping from another archive/chat before implementation; do not invent historical identity
P053		HISTORICAL_GAP_NO_MATERIALIZED_ARTIFACT					no		no	no		recover parent mapping from another archive/chat before implementation; do not invent historical identity
P054		HISTORICAL_GAP_NO_MATERIALIZED_ARTIFACT					no		no	no		recover parent mapping from another archive/chat before implementation; do not invent historical identity
P055		HISTORICAL_GAP_NO_MATERIALIZED_ARTIFACT					no		no	no		recover parent mapping from another archive/chat before implementation; do not invent historical identity
P056		HISTORICAL_GAP_NO_MATERIALIZED_ARTIFACT					no		no	no		recover parent mapping from another archive/chat before implementation; do not invent historical identity
P057	FIAC	RESULT_ONLY_RECONSTRUCTION_REQUIRED	MIFF → AICC. MIFF removes suspect-source information-flow paths to the protected controller; AICC then ranks only the channels whose source modules remain reachable after the firewall.	WORKING_COMPOSITION / INFORMATION-FIREWALL BENCHMARK			yes		yes	no	INPUT_PRODUCT_FOUNDRY_P134_2026-08-25/HANDOFF_LABALLCOMPASS_PRODUCT_FOUNDRY_P134_2026-08-25/CURRENT_DELTA/03_OUTPUT/PRODUCTS/P057_FIAC	rebuild from parent contracts, result evidence, strengths, weaknesses, and benchmarks; new code is a reconstruction, not byte-identical recovery
P058	VLRB	RESULT_ONLY_RECONSTRUCTION_REQUIRED	LCM → explicit TRUE_SALE adapter → OFLS. LCM-financed claim face is removed from the liquidatable asset book, proceeds are added to cash, and any face/proceeds discount is written into NAV before OFLS redemption simulation.	WORKING_COMPOSITION / BALANCE-SHEET-COMPATIBLE LIQUIDITY BENCHMARK			yes		yes	no	INPUT_PRODUCT_FOUNDRY_P134_2026-08-25/HANDOFF_LABALLCOMPASS_PRODUCT_FOUNDRY_P134_2026-08-25/CURRENT_DELTA/03_OUTPUT/PRODUCTS/P058_VLRB	rebuild from parent contracts, result evidence, strengths, weaknesses, and benchmarks; new code is a reconstruction, not byte-identical recovery
P059	SBTE	RESULT_ONLY_RECONSTRUCTION_REQUIRED	CSID → TDSX. At each budget, CSID chooses its economically preferred safeguard portfolio. TDSX finds the nearest budget where the selected portfolio reaches a declared residual-loss target.	WORKING_COMPOSITION / SAFEGUARD-BUDGET BENCHMARK			yes		yes	no	INPUT_PRODUCT_FOUNDRY_P134_2026-08-25/HANDOFF_LABALLCOMPASS_PRODUCT_FOUNDRY_P134_2026-08-25/CURRENT_DELTA/03_OUTPUT/PRODUCTS/P059_SBTE	rebuild from parent contracts, result evidence, strengths, weaknesses, and benchmarks; new code is a reconstruction, not byte-identical recovery
P060	PFVT	RESULT_ONLY_RECONSTRUCTION_REQUIRED	PRIU → TDSX. Each point on the declared funded-asset-value / promised-repayment surface is audited across every priority insertion. A point passes only when the same insertion both meets lender recovery requirements and leaves every existing claim no worse off.	WORKING_COMPOSITION / RESTRUCTURING-TIPPING BENCHMARK			yes		yes	no	INPUT_PRODUCT_FOUNDRY_P134_2026-08-25/HANDOFF_LABALLCOMPASS_PRODUCT_FOUNDRY_P134_2026-08-25/CURRENT_DELTA/03_OUTPUT/PRODUCTS/P060_PFVT	rebuild from parent contracts, result evidence, strengths, weaknesses, and benchmarks; new code is a reconstruction, not byte-identical recovery
P061	RSGF	RESULT_ONLY_RECONSTRUCTION_REQUIRED	UNEXTRACTED	PROMOTED v0.1			yes		no	no	INPUT_PRODUCT_FOUNDRY_P134_2026-08-25/HANDOFF_LABALLCOMPASS_PRODUCT_FOUNDRY_P134_2026-08-25/CURRENT_DELTA/03_OUTPUT/PRODUCTS/P061_RSGF	rebuild from parent contracts, result evidence, strengths, weaknesses, and benchmarks; new code is a reconstruction, not byte-identical recovery
P062	WDTG	RESULT_ONLY_RECONSTRUCTION_REQUIRED	UNEXTRACTED	PROMOTED v0.1			yes		no	no	INPUT_PRODUCT_FOUNDRY_P134_2026-08-25/HANDOFF_LABALLCOMPASS_PRODUCT_FOUNDRY_P134_2026-08-25/CURRENT_DELTA/03_OUTPUT/PRODUCTS/P062_WDTG	rebuild from parent contracts, result evidence, strengths, weaknesses, and benchmarks; new code is a reconstruction, not byte-identical recovery
P063	RBTE	RESULT_ONLY_RECONSTRUCTION_REQUIRED	UNEXTRACTED	PROMOTED v0.1			yes		no	no	INPUT_PRODUCT_FOUNDRY_P134_2026-08-25/HANDOFF_LABALLCOMPASS_PRODUCT_FOUNDRY_P134_2026-08-25/CURRENT_DELTA/03_OUTPUT/PRODUCTS/P063_RBTE	rebuild from parent contracts, result evidence, strengths, weaknesses, and benchmarks; new code is a reconstruction, not byte-identical recovery
P064	DSGD	RESULT_ONLY_RECONSTRUCTION_REQUIRED	UNEXTRACTED	PROMOTED v0.1			yes		no	no	INPUT_PRODUCT_FOUNDRY_P134_2026-08-25/HANDOFF_LABALLCOMPASS_PRODUCT_FOUNDRY_P134_2026-08-25/CURRENT_DELTA/03_OUTPUT/PRODUCTS/P064_DSGD	rebuild from parent contracts, result evidence, strengths, weaknesses, and benchmarks; new code is a reconstruction, not byte-identical recovery
P065	SWTE	RESULT_ONLY_RECONSTRUCTION_REQUIRED	UNEXTRACTED	PROMOTED v0.1			yes		no	no	INPUT_PRODUCT_FOUNDRY_P134_2026-08-25/HANDOFF_LABALLCOMPASS_PRODUCT_FOUNDRY_P134_2026-08-25/CURRENT_DELTA/03_OUTPUT/PRODUCTS/P065_SWTE	rebuild from parent contracts, result evidence, strengths, weaknesses, and benchmarks; new code is a reconstruction, not byte-identical recovery
P066	PDRE	RESULT_ONLY_RECONSTRUCTION_REQUIRED	UNEXTRACTED	PROMOTED v0.1			yes		no	no	INPUT_PRODUCT_FOUNDRY_P134_2026-08-25/HANDOFF_LABALLCOMPASS_PRODUCT_FOUNDRY_P134_2026-08-25/CURRENT_DELTA/03_OUTPUT/PRODUCTS/P066_PDRE	rebuild from parent contracts, result evidence, strengths, weaknesses, and benchmarks; new code is a reconstruction, not byte-identical recovery
P067	DARA	RESULT_ONLY_RECONSTRUCTION_REQUIRED	UNEXTRACTED	PROMOTED v0.1			yes		no	no	INPUT_PRODUCT_FOUNDRY_P134_2026-08-25/HANDOFF_LABALLCOMPASS_PRODUCT_FOUNDRY_P134_2026-08-25/CURRENT_DELTA/03_OUTPUT/PRODUCTS/P067_DARA	rebuild from parent contracts, result evidence, strengths, weaknesses, and benchmarks; new code is a reconstruction, not byte-identical recovery
P068	RECT	RESULT_ONLY_RECONSTRUCTION_REQUIRED	UNEXTRACTED	PROMOTED v0.1			yes		no	no	INPUT_PRODUCT_FOUNDRY_P134_2026-08-25/HANDOFF_LABALLCOMPASS_PRODUCT_FOUNDRY_P134_2026-08-25/CURRENT_DELTA/03_OUTPUT/PRODUCTS/P068_RECT	rebuild from parent contracts, result evidence, strengths, weaknesses, and benchmarks; new code is a reconstruction, not byte-identical recovery
P069		HISTORICAL_GAP_NO_MATERIALIZED_ARTIFACT					no		no	no		recover parent mapping from another archive/chat before implementation; do not invent historical identity
P070		HISTORICAL_GAP_NO_MATERIALIZED_ARTIFACT					no		no	no		recover parent mapping from another archive/chat before implementation; do not invent historical identity
P071		HISTORICAL_GAP_NO_MATERIALIZED_ARTIFACT					no		no	no		recover parent mapping from another archive/chat before implementation; do not invent historical identity
P072		HISTORICAL_GAP_NO_MATERIALIZED_ARTIFACT					no		no	no		recover parent mapping from another archive/chat before implementation; do not invent historical identity
P073		HISTORICAL_GAP_NO_MATERIALIZED_ARTIFACT					no		no	no		recover parent mapping from another archive/chat before implementation; do not invent historical identity
P074		HISTORICAL_GAP_NO_MATERIALIZED_ARTIFACT					no		no	no		recover parent mapping from another archive/chat before implementation; do not invent historical identity
P075	DLAG	RESULT_ONLY_RECONSTRUCTION_REQUIRED	UNEXTRACTED	PROMOTED v0.1			yes		no	yes	INPUT_PRODUCT_FOUNDRY_P134_2026-08-25/HANDOFF_LABALLCOMPASS_PRODUCT_FOUNDRY_P134_2026-08-25/CURRENT_DELTA/03_OUTPUT/PRODUCTS/P075_DLAG	rebuild from parent contracts, result evidence, strengths, weaknesses, and benchmarks; new code is a reconstruction, not byte-identical recovery
P076	MCFS	RESULT_ONLY_RECONSTRUCTION_REQUIRED	UNEXTRACTED	PROMOTED v0.1			yes		no	yes	INPUT_PRODUCT_FOUNDRY_P134_2026-08-25/HANDOFF_LABALLCOMPASS_PRODUCT_FOUNDRY_P134_2026-08-25/CURRENT_DELTA/03_OUTPUT/PRODUCTS/P076_MCFS	rebuild from parent contracts, result evidence, strengths, weaknesses, and benchmarks; new code is a reconstruction, not byte-identical recovery
P077	DGMC	RESULT_ONLY_RECONSTRUCTION_REQUIRED	UNEXTRACTED	PROMOTED v0.1			yes		no	yes	INPUT_PRODUCT_FOUNDRY_P134_2026-08-25/HANDOFF_LABALLCOMPASS_PRODUCT_FOUNDRY_P134_2026-08-25/CURRENT_DELTA/03_OUTPUT/PRODUCTS/P077_DGMC	rebuild from parent contracts, result evidence, strengths, weaknesses, and benchmarks; new code is a reconstruction, not byte-identical recovery
P078	IARA	RESULT_ONLY_RECONSTRUCTION_REQUIRED	UNEXTRACTED	PROMOTED v0.1			yes		no	yes	INPUT_PRODUCT_FOUNDRY_P134_2026-08-25/HANDOFF_LABALLCOMPASS_PRODUCT_FOUNDRY_P134_2026-08-25/CURRENT_DELTA/03_OUTPUT/PRODUCTS/P078_IARA	rebuild from parent contracts, result evidence, strengths, weaknesses, and benchmarks; new code is a reconstruction, not byte-identical recovery
P079	CBIA	RESULT_ONLY_RECONSTRUCTION_REQUIRED	UNEXTRACTED	PROMOTED v0.1			yes		no	yes	INPUT_PRODUCT_FOUNDRY_P134_2026-08-25/HANDOFF_LABALLCOMPASS_PRODUCT_FOUNDRY_P134_2026-08-25/CURRENT_DELTA/03_OUTPUT/PRODUCTS/P079_CBIA	rebuild from parent contracts, result evidence, strengths, weaknesses, and benchmarks; new code is a reconstruction, not byte-identical recovery
P080	RAMR	RESULT_ONLY_RECONSTRUCTION_REQUIRED	UNEXTRACTED	PROMOTED v0.1			yes		no	yes	INPUT_PRODUCT_FOUNDRY_P134_2026-08-25/HANDOFF_LABALLCOMPASS_PRODUCT_FOUNDRY_P134_2026-08-25/CURRENT_DELTA/03_OUTPUT/PRODUCTS/P080_RAMR	rebuild from parent contracts, result evidence, strengths, weaknesses, and benchmarks; new code is a reconstruction, not byte-identical recovery
P081	AHSA	RESULT_ONLY_RECONSTRUCTION_REQUIRED	UNEXTRACTED	PROMOTED v0.1			yes		no	yes	INPUT_PRODUCT_FOUNDRY_P134_2026-08-25/HANDOFF_LABALLCOMPASS_PRODUCT_FOUNDRY_P134_2026-08-25/CURRENT_DELTA/03_OUTPUT/PRODUCTS/P081_AHSA	rebuild from parent contracts, result evidence, strengths, weaknesses, and benchmarks; new code is a reconstruction, not byte-identical recovery
P082	CDTS	RESULT_ONLY_RECONSTRUCTION_REQUIRED	CDA + TDSX	UNEXTRACTED			yes		no	yes	INPUT_PRODUCT_FOUNDRY_P134_2026-08-25/HANDOFF_LABALLCOMPASS_PRODUCT_FOUNDRY_P134_2026-08-25/CURRENT_DELTA/03_OUTPUT/PRODUCTS/P082_CDTS	rebuild from parent contracts, result evidence, strengths, weaknesses, and benchmarks; new code is a reconstruction, not byte-identical recovery
P083	HEAG	RESULT_ONLY_RECONSTRUCTION_REQUIRED	EBC + AICC	UNEXTRACTED			yes		no	yes	INPUT_PRODUCT_FOUNDRY_P134_2026-08-25/HANDOFF_LABALLCOMPASS_PRODUCT_FOUNDRY_P134_2026-08-25/CURRENT_DELTA/03_OUTPUT/PRODUCTS/P083_HEAG	rebuild from parent contracts, result evidence, strengths, weaknesses, and benchmarks; new code is a reconstruction, not byte-identical recovery
P084	CAVT	RESULT_ONLY_RECONSTRUCTION_REQUIRED	CCVC + TDSX	UNEXTRACTED			yes		no	yes	INPUT_PRODUCT_FOUNDRY_P134_2026-08-25/HANDOFF_LABALLCOMPASS_PRODUCT_FOUNDRY_P134_2026-08-25/CURRENT_DELTA/03_OUTPUT/PRODUCTS/P084_CAVT	rebuild from parent contracts, result evidence, strengths, weaknesses, and benchmarks; new code is a reconstruction, not byte-identical recovery
P085	HPCT	RESULT_ONLY_RECONSTRUCTION_REQUIRED	MLHPE + TDSX	UNEXTRACTED			yes		no	yes	INPUT_PRODUCT_FOUNDRY_P134_2026-08-25/HANDOFF_LABALLCOMPASS_PRODUCT_FOUNDRY_P134_2026-08-25/CURRENT_DELTA/03_OUTPUT/PRODUCTS/P085_HPCT	rebuild from parent contracts, result evidence, strengths, weaknesses, and benchmarks; new code is a reconstruction, not byte-identical recovery
P086	FPSD	RESULT_ONLY_RECONSTRUCTION_REQUIRED	MFPA + CSID	UNEXTRACTED			yes		no	yes	INPUT_PRODUCT_FOUNDRY_P134_2026-08-25/HANDOFF_LABALLCOMPASS_PRODUCT_FOUNDRY_P134_2026-08-25/CURRENT_DELTA/03_OUTPUT/PRODUCTS/P086_FPSD	rebuild from parent contracts, result evidence, strengths, weaknesses, and benchmarks; new code is a reconstruction, not byte-identical recovery
P087	EVTS	RESULT_ONLY_RECONSTRUCTION_REQUIRED	DRE + TDSX	UNEXTRACTED			yes		no	yes	INPUT_PRODUCT_FOUNDRY_P134_2026-08-25/HANDOFF_LABALLCOMPASS_PRODUCT_FOUNDRY_P134_2026-08-25/CURRENT_DELTA/03_OUTPUT/PRODUCTS/P087_EVTS	rebuild from parent contracts, result evidence, strengths, weaknesses, and benchmarks; new code is a reconstruction, not byte-identical recovery
P088	LFTS	RESULT_ONLY_RECONSTRUCTION_REQUIRED	SALC + TDSX	UNEXTRACTED			yes		no	yes	INPUT_PRODUCT_FOUNDRY_P134_2026-08-25/HANDOFF_LABALLCOMPASS_PRODUCT_FOUNDRY_P134_2026-08-25/CURRENT_DELTA/03_OUTPUT/PRODUCTS/P088_LFTS	rebuild from parent contracts, result evidence, strengths, weaknesses, and benchmarks; new code is a reconstruction, not byte-identical recovery
P089	OCTS	RESULT_ONLY_RECONSTRUCTION_REQUIRED	OWNM + TDSX	UNEXTRACTED			yes		no	yes	INPUT_PRODUCT_FOUNDRY_P134_2026-08-25/HANDOFF_LABALLCOMPASS_PRODUCT_FOUNDRY_P134_2026-08-25/CURRENT_DELTA/03_OUTPUT/PRODUCTS/P089_OCTS	rebuild from parent contracts, result evidence, strengths, weaknesses, and benchmarks; new code is a reconstruction, not byte-identical recovery
P090	SWDL	RESULT_ONLY_RECONSTRUCTION_REQUIRED	UNEXTRACTED	UNEXTRACTED			yes		no	yes	INPUT_PRODUCT_FOUNDRY_P134_2026-08-25/HANDOFF_LABALLCOMPASS_PRODUCT_FOUNDRY_P134_2026-08-25/CURRENT_DELTA/03_OUTPUT/PRODUCTS/P090_SWDL	rebuild from parent contracts, result evidence, strengths, weaknesses, and benchmarks; new code is a reconstruction, not byte-identical recovery
P091	DCBT	RESULT_ONLY_RECONSTRUCTION_REQUIRED	UNEXTRACTED	UNEXTRACTED			yes		no	yes	INPUT_PRODUCT_FOUNDRY_P134_2026-08-25/HANDOFF_LABALLCOMPASS_PRODUCT_FOUNDRY_P134_2026-08-25/CURRENT_DELTA/03_OUTPUT/PRODUCTS/P091_DCBT	rebuild from parent contracts, result evidence, strengths, weaknesses, and benchmarks; new code is a reconstruction, not byte-identical recovery
P092	PDAT	RESULT_ONLY_RECONSTRUCTION_REQUIRED	UNEXTRACTED	UNEXTRACTED			yes		no	yes	INPUT_PRODUCT_FOUNDRY_P134_2026-08-25/HANDOFF_LABALLCOMPASS_PRODUCT_FOUNDRY_P134_2026-08-25/CURRENT_DELTA/03_OUTPUT/PRODUCTS/P092_PDAT	rebuild from parent contracts, result evidence, strengths, weaknesses, and benchmarks; new code is a reconstruction, not byte-identical recovery
P093	BMDT	RESULT_ONLY_RECONSTRUCTION_REQUIRED	UNEXTRACTED	UNEXTRACTED			yes		no	yes	INPUT_PRODUCT_FOUNDRY_P134_2026-08-25/HANDOFF_LABALLCOMPASS_PRODUCT_FOUNDRY_P134_2026-08-25/CURRENT_DELTA/03_OUTPUT/PRODUCTS/P093_BMDT	rebuild from parent contracts, result evidence, strengths, weaknesses, and benchmarks; new code is a reconstruction, not byte-identical recovery
P094	OCGS	RESULT_ONLY_RECONSTRUCTION_REQUIRED	UNEXTRACTED	UNEXTRACTED			yes		no	yes	INPUT_PRODUCT_FOUNDRY_P134_2026-08-25/HANDOFF_LABALLCOMPASS_PRODUCT_FOUNDRY_P134_2026-08-25/CURRENT_DELTA/03_OUTPUT/PRODUCTS/P094_OCGS	rebuild from parent contracts, result evidence, strengths, weaknesses, and benchmarks; new code is a reconstruction, not byte-identical recovery
P095	GSSA	RESULT_ONLY_RECONSTRUCTION_REQUIRED	UNEXTRACTED	UNEXTRACTED			yes		no	yes	INPUT_PRODUCT_FOUNDRY_P134_2026-08-25/HANDOFF_LABALLCOMPASS_PRODUCT_FOUNDRY_P134_2026-08-25/CURRENT_DELTA/03_OUTPUT/PRODUCTS/P095_GSSA	rebuild from parent contracts, result evidence, strengths, weaknesses, and benchmarks; new code is a reconstruction, not byte-identical recovery
P096	TRIA	RESULT_ONLY_RECONSTRUCTION_REQUIRED	UNEXTRACTED	UNEXTRACTED			yes		no	yes	INPUT_PRODUCT_FOUNDRY_P134_2026-08-25/HANDOFF_LABALLCOMPASS_PRODUCT_FOUNDRY_P134_2026-08-25/CURRENT_DELTA/03_OUTPUT/PRODUCTS/P096_TRIA	rebuild from parent contracts, result evidence, strengths, weaknesses, and benchmarks; new code is a reconstruction, not byte-identical recovery
P097	BDSD	RESULT_ONLY_RECONSTRUCTION_REQUIRED	UNEXTRACTED	UNEXTRACTED			yes		no	yes	INPUT_PRODUCT_FOUNDRY_P134_2026-08-25/HANDOFF_LABALLCOMPASS_PRODUCT_FOUNDRY_P134_2026-08-25/CURRENT_DELTA/03_OUTPUT/PRODUCTS/P097_BDSD	rebuild from parent contracts, result evidence, strengths, weaknesses, and benchmarks; new code is a reconstruction, not byte-identical recovery
P098	SAHA	RESULT_ONLY_RECONSTRUCTION_REQUIRED	SCE + ACSA				yes		yes	yes	INPUT_PRODUCT_FOUNDRY_P134_2026-08-25/HANDOFF_LABALLCOMPASS_PRODUCT_FOUNDRY_P134_2026-08-25/CURRENT_DELTA/03_OUTPUT/PRODUCTS/P098_SAHA	rebuild from parent contracts, result evidence, strengths, weaknesses, and benchmarks; new code is a reconstruction, not byte-identical recovery
P099	CAPA	RESULT_ONLY_RECONSTRUCTION_REQUIRED	CAPL + ACSA				yes		yes	yes	INPUT_PRODUCT_FOUNDRY_P134_2026-08-25/HANDOFF_LABALLCOMPASS_PRODUCT_FOUNDRY_P134_2026-08-25/CURRENT_DELTA/03_OUTPUT/PRODUCTS/P099_CAPA	rebuild from parent contracts, result evidence, strengths, weaknesses, and benchmarks; new code is a reconstruction, not byte-identical recovery
P100	WICA	RESULT_ONLY_RECONSTRUCTION_REQUIRED	OWS + BICC				yes		yes	yes	INPUT_PRODUCT_FOUNDRY_P134_2026-08-25/HANDOFF_LABALLCOMPASS_PRODUCT_FOUNDRY_P134_2026-08-25/CURRENT_DELTA/03_OUTPUT/PRODUCTS/P100_WICA	rebuild from parent contracts, result evidence, strengths, weaknesses, and benchmarks; new code is a reconstruction, not byte-identical recovery
P101	PRSW	RESULT_ONLY_RECONSTRUCTION_REQUIRED	PRIU + OWS				yes		yes	yes	INPUT_PRODUCT_FOUNDRY_P134_2026-08-25/HANDOFF_LABALLCOMPASS_PRODUCT_FOUNDRY_P134_2026-08-25/CURRENT_DELTA/03_OUTPUT/PRODUCTS/P101_PRSW	rebuild from parent contracts, result evidence, strengths, weaknesses, and benchmarks; new code is a reconstruction, not byte-identical recovery
P102	LLFD	RESULT_ONLY_RECONSTRUCTION_REQUIRED	SLERM + TFLD				yes		yes	yes	INPUT_PRODUCT_FOUNDRY_P134_2026-08-25/HANDOFF_LABALLCOMPASS_PRODUCT_FOUNDRY_P134_2026-08-25/CURRENT_DELTA/03_OUTPUT/PRODUCTS/P102_LLFD	rebuild from parent contracts, result evidence, strengths, weaknesses, and benchmarks; new code is a reconstruction, not byte-identical recovery
P103	CFAI	RESULT_ONLY_RECONSTRUCTION_REQUIRED	HFAD + BICC + ACRA				yes		yes	yes	INPUT_PRODUCT_FOUNDRY_P134_2026-08-25/HANDOFF_LABALLCOMPASS_PRODUCT_FOUNDRY_P134_2026-08-25/CURRENT_DELTA/03_OUTPUT/PRODUCTS/P103_CFAI	rebuild from parent contracts, result evidence, strengths, weaknesses, and benchmarks; new code is a reconstruction, not byte-identical recovery
P104	SGPR	RESULT_ONLY_RECONSTRUCTION_REQUIRED	OWS + DTPR				yes		yes	yes	INPUT_PRODUCT_FOUNDRY_P134_2026-08-25/HANDOFF_LABALLCOMPASS_PRODUCT_FOUNDRY_P134_2026-08-25/CURRENT_DELTA/03_OUTPUT/PRODUCTS/P104_SGPR	rebuild from parent contracts, result evidence, strengths, weaknesses, and benchmarks; new code is a reconstruction, not byte-identical recovery
P105	PRAS	RESULT_ONLY_RECONSTRUCTION_REQUIRED	ACSA + DTPR				yes		yes	yes	INPUT_PRODUCT_FOUNDRY_P134_2026-08-25/HANDOFF_LABALLCOMPASS_PRODUCT_FOUNDRY_P134_2026-08-25/CURRENT_DELTA/03_OUTPUT/PRODUCTS/P105_PRAS	rebuild from parent contracts, result evidence, strengths, weaknesses, and benchmarks; new code is a reconstruction, not byte-identical recovery
P106		HISTORICAL_GAP_NO_MATERIALIZED_ARTIFACT					no		no	no		recover parent mapping from another archive/chat before implementation; do not invent historical identity
P107		HISTORICAL_GAP_NO_MATERIALIZED_ARTIFACT					no		no	no		recover parent mapping from another archive/chat before implementation; do not invent historical identity
P108		HISTORICAL_GAP_NO_MATERIALIZED_ARTIFACT					no		no	no		recover parent mapping from another archive/chat before implementation; do not invent historical identity
P109		HISTORICAL_GAP_NO_MATERIALIZED_ARTIFACT					no		no	no		recover parent mapping from another archive/chat before implementation; do not invent historical identity
P110		HISTORICAL_GAP_NO_MATERIALIZED_ARTIFACT					no		no	no		recover parent mapping from another archive/chat before implementation; do not invent historical identity
P111		HISTORICAL_GAP_NO_MATERIALIZED_ARTIFACT					no		no	no		recover parent mapping from another archive/chat before implementation; do not invent historical identity
P112		HISTORICAL_GAP_NO_MATERIALIZED_ARTIFACT					no		no	no		recover parent mapping from another archive/chat before implementation; do not invent historical identity
P113		HISTORICAL_GAP_NO_MATERIALIZED_ARTIFACT					no		no	no		recover parent mapping from another archive/chat before implementation; do not invent historical identity
P114	HPAC	RESULT_ONLY_RECONSTRUCTION_REQUIRED	MLHPE + AICC				yes		yes	yes	INPUT_PRODUCT_FOUNDRY_P134_2026-08-25/HANDOFF_LABALLCOMPASS_PRODUCT_FOUNDRY_P134_2026-08-25/CURRENT_DELTA/03_OUTPUT/PRODUCTS/P114_HPAC	rebuild from parent contracts, result evidence, strengths, weaknesses, and benchmarks; new code is a reconstruction, not byte-identical recovery
P115	PAAC	RESULT_ONLY_RECONSTRUCTION_REQUIRED	PRIU + AICC				yes		yes	yes	INPUT_PRODUCT_FOUNDRY_P134_2026-08-25/HANDOFF_LABALLCOMPASS_PRODUCT_FOUNDRY_P134_2026-08-25/CURRENT_DELTA/03_OUTPUT/PRODUCTS/P115_PAAC	rebuild from parent contracts, result evidence, strengths, weaknesses, and benchmarks; new code is a reconstruction, not byte-identical recovery
P116	FCAC	RESULT_ONLY_RECONSTRUCTION_REQUIRED	FCMS + AICC				yes		yes	yes	INPUT_PRODUCT_FOUNDRY_P134_2026-08-25/HANDOFF_LABALLCOMPASS_PRODUCT_FOUNDRY_P134_2026-08-25/CURRENT_DELTA/03_OUTPUT/PRODUCTS/P116_FCAC	rebuild from parent contracts, result evidence, strengths, weaknesses, and benchmarks; new code is a reconstruction, not byte-identical recovery
P117	MFAC	RESULT_ONLY_RECONSTRUCTION_REQUIRED	MCPR + AICC				yes		yes	yes	INPUT_PRODUCT_FOUNDRY_P134_2026-08-25/HANDOFF_LABALLCOMPASS_PRODUCT_FOUNDRY_P134_2026-08-25/CURRENT_DELTA/03_OUTPUT/PRODUCTS/P117_MFAC	rebuild from parent contracts, result evidence, strengths, weaknesses, and benchmarks; new code is a reconstruction, not byte-identical recovery
P118	MRAC	RESULT_ONLY_RECONSTRUCTION_REQUIRED	MCRIS + AICC				yes		yes	yes	INPUT_PRODUCT_FOUNDRY_P134_2026-08-25/HANDOFF_LABALLCOMPASS_PRODUCT_FOUNDRY_P134_2026-08-25/CURRENT_DELTA/03_OUTPUT/PRODUCTS/P118_MRAC	rebuild from parent contracts, result evidence, strengths, weaknesses, and benchmarks; new code is a reconstruction, not byte-identical recovery
P119	RAPT	RESULT_ONLY_RECONSTRUCTION_REQUIRED	CBAC + TDSX				yes		yes	yes	INPUT_PRODUCT_FOUNDRY_P134_2026-08-25/HANDOFF_LABALLCOMPASS_PRODUCT_FOUNDRY_P134_2026-08-25/CURRENT_DELTA/03_OUTPUT/PRODUCTS/P119_RAPT	rebuild from parent contracts, result evidence, strengths, weaknesses, and benchmarks; new code is a reconstruction, not byte-identical recovery
P120	PCAR	RESULT_ONLY_RECONSTRUCTION_REQUIRED	CWC + DTPR				yes		yes	yes	INPUT_PRODUCT_FOUNDRY_P134_2026-08-25/HANDOFF_LABALLCOMPASS_PRODUCT_FOUNDRY_P134_2026-08-25/CURRENT_DELTA/03_OUTPUT/PRODUCTS/P120_PCAR	rebuild from parent contracts, result evidence, strengths, weaknesses, and benchmarks; new code is a reconstruction, not byte-identical recovery
P121	MSGD	RESULT_ONLY_RECONSTRUCTION_REQUIRED	MCPR + CSID				yes		yes	yes	INPUT_PRODUCT_FOUNDRY_P134_2026-08-25/HANDOFF_LABALLCOMPASS_PRODUCT_FOUNDRY_P134_2026-08-25/CURRENT_DELTA/03_OUTPUT/PRODUCTS/P121_MSGD	rebuild from parent contracts, result evidence, strengths, weaknesses, and benchmarks; new code is a reconstruction, not byte-identical recovery
P122	CAGD	RESULT_ONLY_RECONSTRUCTION_REQUIRED	CCVC + CSID				yes		yes	yes	INPUT_PRODUCT_FOUNDRY_P134_2026-08-25/HANDOFF_LABALLCOMPASS_PRODUCT_FOUNDRY_P134_2026-08-25/CURRENT_DELTA/03_OUTPUT/PRODUCTS/P122_CAGD	rebuild from parent contracts, result evidence, strengths, weaknesses, and benchmarks; new code is a reconstruction, not byte-identical recovery
P123	SCGD	RESULT_ONLY_RECONSTRUCTION_REQUIRED	SACPS + CSID				yes		yes	yes	INPUT_PRODUCT_FOUNDRY_P134_2026-08-25/HANDOFF_LABALLCOMPASS_PRODUCT_FOUNDRY_P134_2026-08-25/CURRENT_DELTA/03_OUTPUT/PRODUCTS/P123_SCGD	rebuild from parent contracts, result evidence, strengths, weaknesses, and benchmarks; new code is a reconstruction, not byte-identical recovery
P124	HCGD	RESULT_ONLY_RECONSTRUCTION_REQUIRED	DHCC + CSID				yes		yes	yes	INPUT_PRODUCT_FOUNDRY_P134_2026-08-25/HANDOFF_LABALLCOMPASS_PRODUCT_FOUNDRY_P134_2026-08-25/CURRENT_DELTA/03_OUTPUT/PRODUCTS/P124_HCGD	rebuild from parent contracts, result evidence, strengths, weaknesses, and benchmarks; new code is a reconstruction, not byte-identical recovery
P125	MIGD	RESULT_ONLY_RECONSTRUCTION_REQUIRED	MCRIS + CSID				yes		yes	yes	INPUT_PRODUCT_FOUNDRY_P134_2026-08-25/HANDOFF_LABALLCOMPASS_PRODUCT_FOUNDRY_P134_2026-08-25/CURRENT_DELTA/03_OUTPUT/PRODUCTS/P125_MIGD	rebuild from parent contracts, result evidence, strengths, weaknesses, and benchmarks; new code is a reconstruction, not byte-identical recovery
P126	TRGD	RESULT_ONLY_RECONSTRUCTION_REQUIRED	DTRM + CSID				yes		yes	yes	INPUT_PRODUCT_FOUNDRY_P134_2026-08-25/HANDOFF_LABALLCOMPASS_PRODUCT_FOUNDRY_P134_2026-08-25/CURRENT_DELTA/03_OUTPUT/PRODUCTS/P126_TRGD	rebuild from parent contracts, result evidence, strengths, weaknesses, and benchmarks; new code is a reconstruction, not byte-identical recovery
P127	HPSG	RESULT_ONLY_RECONSTRUCTION_REQUIRED	MLHPE + CSID				yes		yes	yes	INPUT_PRODUCT_FOUNDRY_P134_2026-08-25/HANDOFF_LABALLCOMPASS_PRODUCT_FOUNDRY_P134_2026-08-25/CURRENT_DELTA/03_OUTPUT/PRODUCTS/P127_HPSG	rebuild from parent contracts, result evidence, strengths, weaknesses, and benchmarks; new code is a reconstruction, not byte-identical recovery
P128	PPGD	RESULT_ONLY_RECONSTRUCTION_REQUIRED	PCBE + CSID				yes		yes	yes	INPUT_PRODUCT_FOUNDRY_P134_2026-08-25/HANDOFF_LABALLCOMPASS_PRODUCT_FOUNDRY_P134_2026-08-25/CURRENT_DELTA/03_OUTPUT/PRODUCTS/P128_PPGD	rebuild from parent contracts, result evidence, strengths, weaknesses, and benchmarks; new code is a reconstruction, not byte-identical recovery
P129	LIGD	RESULT_ONLY_RECONSTRUCTION_REQUIRED	SLERM + CSID				yes		yes	yes	INPUT_PRODUCT_FOUNDRY_P134_2026-08-25/HANDOFF_LABALLCOMPASS_PRODUCT_FOUNDRY_P134_2026-08-25/CURRENT_DELTA/03_OUTPUT/PRODUCTS/P129_LIGD	rebuild from parent contracts, result evidence, strengths, weaknesses, and benchmarks; new code is a reconstruction, not byte-identical recovery
P130	CRGD	RESULT_ONLY_RECONSTRUCTION_REQUIRED	SCCRT + CSID				yes		yes	yes	INPUT_PRODUCT_FOUNDRY_P134_2026-08-25/HANDOFF_LABALLCOMPASS_PRODUCT_FOUNDRY_P134_2026-08-25/CURRENT_DELTA/03_OUTPUT/PRODUCTS/P130_CRGD	rebuild from parent contracts, result evidence, strengths, weaknesses, and benchmarks; new code is a reconstruction, not byte-identical recovery
P131	OCMA	RESULT_ONLY_RECONSTRUCTION_REQUIRED	OWNM + ACRA				yes		yes	yes	INPUT_PRODUCT_FOUNDRY_P134_2026-08-25/HANDOFF_LABALLCOMPASS_PRODUCT_FOUNDRY_P134_2026-08-25/CURRENT_DELTA/03_OUTPUT/PRODUCTS/P131_OCMA	rebuild from parent contracts, result evidence, strengths, weaknesses, and benchmarks; new code is a reconstruction, not byte-identical recovery
P132	CARA	RESULT_ONLY_RECONSTRUCTION_REQUIRED	CWC + ACRA				yes		yes	yes	INPUT_PRODUCT_FOUNDRY_P134_2026-08-25/HANDOFF_LABALLCOMPASS_PRODUCT_FOUNDRY_P134_2026-08-25/CURRENT_DELTA/03_OUTPUT/PRODUCTS/P132_CARA	rebuild from parent contracts, result evidence, strengths, weaknesses, and benchmarks; new code is a reconstruction, not byte-identical recovery
P133	TRRA	RESULT_ONLY_RECONSTRUCTION_REQUIRED	DTRM + ACRA				yes		yes	yes	INPUT_PRODUCT_FOUNDRY_P134_2026-08-25/HANDOFF_LABALLCOMPASS_PRODUCT_FOUNDRY_P134_2026-08-25/CURRENT_DELTA/03_OUTPUT/PRODUCTS/P133_TRRA	rebuild from parent contracts, result evidence, strengths, weaknesses, and benchmarks; new code is a reconstruction, not byte-identical recovery
P134	REIG	FULL_SOURCE_AND_TEST	REL → EBC	WORKING_COMPOSITION	__init__.py;ebc.py;reig.py;rel.py;test_reig.py	test_reig.py	yes	BENCHMARK_RESULT.json	yes	yes	INPUT_PRODUCT_FOUNDRY_P134_2026-08-25/HANDOFF_LABALLCOMPASS_PRODUCT_FOUNDRY_P134_2026-08-25/CURRENT_DELTA/03_OUTPUT/PRODUCTS/P134_REIG	verify supplied source/tests; do not recreate
